TeamID,Score,FGM,FGA,FGM3,FGA3,FTM,FTA,OR,DR,Ast,TO,Stl,Blk,PF
1101,68.33333333333333,24.0,57.666666666666664,5.666666666666667,14.333333333333334,14.666666666666666,20.666666666666668,6.0,19.666666666666668,11.333333333333334,8.666666666666666,7.666666666666667,2.0,18.333333333333332
1102,64.5,23.0,50.0,6.0,22.5,12.5,17.5,4.0,18.0,14.5,15.5,9.0,5.5,16.5
1103,64.25,22.875,53.875,6.25,22.75,12.25,17.5,7.0,25.0,10.625,12.625,4.375,2.75,16.75
1104,82.6,28.2,64.3,9.7,29.8,16.5,21.5,11.9,24.6,14.7,12.0,6.6,4.6,20.4
1105,66.5,20.75,51.75,5.0,16.5,20.0,26.5,9.0,24.5,10.0,14.5,5.0,5.25,22.0
1106,69.0,23.5,60.0,7.0,20.5,15.0,19.5,9.25,24.75,12.0,9.25,7.25,3.75,20.25
1107,73.0,27.0,62.0,5.0,24.0,14.0,18.0,10.0,23.0,16.0,16.0,8.0,6.0,22.0
1108,63.0,20.0,54.0,5.0,17.0,18.0,25.0,8.0,24.0,11.0,13.0,8.0,1.0,21.0
1111,74.33333333333333,28.666666666666668,60.166666666666664,5.0,19.5,12.0,18.0,7.666666666666667,27.333333333333332,15.0,8.0,5.833333333333333,6.833333333333333,12.333333333333334
1112,75.6,27.0,61.4,6.0,20.0,15.6,21.2,10.9,25.6,15.1,13.9,8.3,3.7,17.9
1113,64.625,22.875,55.75,5.875,19.75,13.0,19.875,5.875,23.25,11.125,10.5,6.125,2.875,17.0
1114,76.66666666666667,30.333333333333332,65.0,6.666666666666667,19.666666666666668,9.333333333333334,13.666666666666666,9.0,20.0,16.666666666666668,7.333333333333333,6.333333333333333,4.666666666666667,18.333333333333332
1116,71.92307692307692,24.0,59.84615384615385,5.153846153846154,18.0,18.76923076923077,23.384615384615383,8.307692307692308,22.53846153846154,9.153846153846153,10.307692307692308,7.0,4.230769230769231,19.76923076923077
1117,72.0,26.0,63.5,7.5,22.5,12.5,16.0,12.75,27.75,12.5,11.5,6.5,5.0,16.0
1120,80.5,28.416666666666668,61.416666666666664,7.916666666666667,21.5,15.75,22.166666666666668,9.75,25.833333333333332,17.75,9.666666666666666,5.166666666666667,6.5,20.083333333333332
1122,66.5,23.0,54.0,5.0,13.5,15.5,20.0,11.5,21.0,5.5,12.0,6.5,3.5,18.5
1123,72.0,26.0,60.0,11.0,24.0,9.0,12.0,7.0,22.0,14.0,13.0,8.0,4.0,15.0
1124,77.81818181818181,27.09090909090909,59.0,7.909090909090909,22.727272727272727,15.727272727272727,21.90909090909091,9.909090909090908,20.363636363636363,13.818181818181818,12.090909090909092,6.7272727272727275,3.5454545454545454,19.181818181818183
1125,77.75,28.75,61.0,9.25,25.75,11.0,16.25,5.5,27.5,18.25,12.75,8.25,3.0,18.25
1126,63.75,21.5,55.0,6.0,18.0,14.75,19.25,7.5,22.0,8.25,13.25,9.5,1.75,22.0
1129,63.25,22.0,58.5,6.375,22.25,12.875,17.375,9.25,23.125,10.375,9.25,5.5,2.875,17.375
1130,74.16666666666667,27.0,59.5,7.5,23.5,12.666666666666666,14.666666666666666,8.833333333333334,25.333333333333332,14.166666666666666,10.333333333333334,5.5,3.3333333333333335,14.833333333333334
1132,70.0,25.8,57.4,6.6,19.8,11.8,16.4,8.6,27.4,9.8,10.8,4.2,3.4,14.2
1133,70.2,25.4,54.8,7.8,20.4,11.6,16.6,7.8,24.2,11.0,13.8,6.0,4.2,19.2
1135,76.0,26.8,56.6,7.4,22.8,15.0,23.0,9.4,25.6,15.0,14.0,5.6,4.0,15.6
1136,91.5,32.0,70.5,7.0,23.5,20.5,30.5,7.0,24.0,14.0,13.5,10.0,7.5,25.5
1138,64.0,21.333333333333332,54.0,7.0,25.333333333333332,14.333333333333334,20.0,12.0,15.333333333333334,10.0,18.0,6.0,4.0,13.0
1139,79.0,29.5,60.0,7.5,21.75,12.5,15.25,6.0,26.5,13.5,11.5,4.25,3.75,13.5
1140,82.2,29.0,63.0,12.0,32.2,12.2,16.4,9.6,27.2,18.6,11.0,5.6,1.6,17.6
1141,62.333333333333336,24.0,59.0,6.666666666666667,22.0,7.666666666666667,9.333333333333334,8.0,18.333333333333332,12.333333333333334,7.0,7.333333333333333,3.3333333333333335,14.0
1142,59.0,22.5,54.5,6.0,15.0,8.0,11.0,4.5,20.0,10.5,8.5,3.5,3.0,16.5
1143,74.8,26.4,64.6,9.8,29.4,12.2,16.4,12.2,25.0,11.8,14.8,4.6,2.0,22.4
1144,67.0,19.0,43.0,8.0,21.0,21.0,28.0,4.0,16.0,10.0,13.0,7.0,2.0,13.0
1145,72.6,27.0,61.4,7.4,23.2,11.2,16.6,8.6,24.2,14.2,10.8,7.6,5.2,16.6
1149,55.0,19.0,55.0,6.0,20.0,11.0,18.0,10.0,32.0,11.0,13.0,3.0,5.0,18.0
1150,59.5,22.0,54.75,4.5,17.75,11.0,14.25,6.5,24.5,10.25,9.75,5.0,4.5,16.25
1151,70.66666666666667,23.0,57.0,7.666666666666667,21.0,17.0,24.666666666666668,9.0,28.0,11.0,12.0,6.666666666666667,2.6666666666666665,19.666666666666668
1152,80.5,28.0,55.0,5.0,15.5,19.5,29.0,7.5,20.5,9.0,17.0,12.5,3.0,13.0
1153,71.5,26.5,66.25,9.0,27.75,9.5,13.75,11.75,23.0,13.0,9.0,5.75,3.5,16.0
1154,68.33333333333333,24.0,56.0,7.333333333333333,21.333333333333332,13.0,17.333333333333332,8.0,21.0,11.0,9.666666666666666,5.666666666666667,1.6666666666666667,14.333333333333334
1155,68.5,24.0,56.0,7.25,24.25,13.25,19.0,8.25,21.25,15.25,9.75,4.0,5.25,17.75
1156,71.0,26.0,63.0,3.0,16.0,16.0,22.0,10.0,26.0,17.0,11.0,7.0,6.0,19.0
1157,70.5,24.5,54.0,6.5,18.0,15.0,21.0,8.0,28.0,12.5,16.5,3.5,3.0,15.5
1158,69.375,24.375,60.75,7.125,26.375,13.5,18.375,10.625,24.0,12.125,10.5,7.25,2.0,17.125
1159,57.4,21.6,54.4,6.6,21.0,7.6,9.4,7.4,23.6,11.8,10.0,5.0,1.6,11.0
1160,70.5,25.333333333333332,57.333333333333336,5.333333333333333,16.833333333333332,14.5,18.166666666666668,8.833333333333334,24.166666666666668,15.333333333333334,12.333333333333334,6.5,0.8333333333333334,14.166666666666666
1161,74.57142857142857,28.285714285714285,61.857142857142854,7.714285714285714,24.428571428571427,10.285714285714286,13.857142857142858,9.285714285714286,22.285714285714285,17.428571428571427,9.571428571428571,6.571428571428571,2.0,18.0
1163,78.38461538461539,28.53846153846154,58.07692307692308,8.307692307692308,23.307692307692307,13.0,16.76923076923077,8.923076923076923,27.615384615384617,19.76923076923077,9.923076923076923,5.0,4.769230769230769,15.461538461538462
1164,48.5,17.0,48.0,3.5,15.0,11.0,16.5,8.0,15.5,7.0,16.0,11.0,3.0,17.0
1165,73.0,26.666666666666668,61.666666666666664,8.333333333333334,29.0,11.333333333333334,15.666666666666666,7.0,25.666666666666668,16.333333333333332,11.0,6.666666666666667,2.0,16.333333333333332
1166,72.44444444444444,24.77777777777778,57.0,7.222222222222222,23.22222222222222,15.666666666666666,18.333333333333332,6.777777777777778,26.666666666666668,13.88888888888889,11.11111111111111,3.7777777777777777,3.3333333333333335,12.777777777777779
1167,64.33333333333333,25.666666666666668,54.666666666666664,4.0,15.0,9.0,12.666666666666666,9.0,18.666666666666668,12.0,11.333333333333334,5.0,3.0,18.0
1168,68.33333333333333,24.333333333333332,53.333333333333336,5.666666666666667,18.333333333333332,14.0,18.0,7.333333333333333,20.666666666666668,10.666666666666666,14.0,7.0,2.6666666666666665,14.333333333333334
1169,77.5,28.5,62.0,5.5,18.0,15.0,23.5,6.5,27.0,17.0,11.0,4.5,2.5,25.0
1170,71.8,21.8,53.6,9.0,25.8,19.2,25.0,8.8,21.0,10.8,11.8,5.6,2.2,16.2
1172,67.4,23.0,53.6,7.6,21.4,13.8,21.4,7.6,24.6,12.8,12.6,7.2,4.6,19.0
1173,70.4,21.8,51.6,7.4,23.2,19.4,24.2,7.0,20.6,11.6,9.0,5.4,3.6,12.8
1174,68.57142857142857,25.142857142857142,58.857142857142854,6.142857142857143,22.428571428571427,12.142857142857142,15.857142857142858,6.857142857142857,23.714285714285715,12.857142857142858,11.285714285714286,6.428571428571429,2.7142857142857144,14.571428571428571
1175,72.16666666666667,25.0,57.666666666666664,4.166666666666667,13.666666666666666,18.0,24.666666666666668,10.666666666666666,22.0,11.5,13.0,10.166666666666666,2.1666666666666665,16.666666666666668
1176,73.5,25.75,63.25,9.75,30.75,12.25,18.25,7.75,26.5,12.25,8.25,5.0,5.0,17.0
1177,59.666666666666664,20.666666666666668,54.333333333333336,7.333333333333333,20.666666666666668,11.0,14.666666666666666,6.0,21.666666666666668,11.666666666666666,11.0,6.333333333333333,2.3333333333333335,15.333333333333334
1179,74.375,25.75,58.0,9.5,25.25,13.375,16.75,5.875,23.625,16.375,8.625,6.625,1.125,15.875
1180,72.5,27.5,62.0,9.0,22.0,8.5,13.0,8.0,25.5,11.5,8.5,4.0,5.5,15.0
1181,74.3,27.6,57.1,5.7,17.8,13.4,17.4,7.8,24.0,13.6,10.2,5.8,4.8,14.8
1182,72.42857142857143,25.428571428571427,58.285714285714285,9.0,25.0,12.571428571428571,17.857142857142858,9.0,22.428571428571427,14.285714285714286,10.428571428571429,8.285714285714286,3.5714285714285716,18.285714285714285
1183,52.5,20.5,50.5,4.5,16.5,7.0,10.0,8.5,21.5,11.0,15.0,8.0,4.5,15.5
1185,70.0,27.0,55.0,8.0,15.0,8.0,14.0,4.0,17.0,6.0,8.0,5.0,3.0,21.0
1186,69.0,20.0,50.0,6.0,26.0,23.0,27.0,7.0,17.0,15.0,15.0,6.0,4.0,24.0
1187,69.33333333333333,24.333333333333332,58.333333333333336,6.666666666666667,20.0,14.0,22.333333333333332,10.333333333333334,23.0,12.0,11.333333333333334,8.333333333333334,2.6666666666666665,19.333333333333332
1188,67.0,24.5,59.0,6.0,19.25,12.0,16.0,9.25,24.75,9.0,9.5,4.0,5.0,13.75
1189,74.66666666666667,26.333333333333332,57.666666666666664,10.333333333333334,27.333333333333332,11.666666666666666,19.333333333333332,9.0,23.666666666666668,15.0,9.0,6.0,3.0,11.0
1190,84.5,27.25,64.25,12.0,28.0,18.0,28.0,12.0,23.5,13.25,11.25,10.75,2.5,19.5
1191,70.0,25.666666666666668,58.666666666666664,5.0,19.666666666666668,13.666666666666666,19.666666666666668,8.0,24.666666666666668,12.333333333333334,7.666666666666667,7.0,2.6666666666666665,17.666666666666668
1192,76.75,26.25,59.25,9.5,25.5,14.75,18.5,7.75,23.75,14.0,10.75,7.0,2.0,17.75
1193,64.75,23.25,58.5,5.0,23.5,13.25,17.75,7.75,21.5,9.0,8.0,8.0,2.75,15.75
1194,78.64285714285714,27.642857142857142,58.357142857142854,7.928571428571429,23.142857142857142,15.428571428571429,20.928571428571427,9.142857142857142,24.571428571428573,13.571428571428571,11.928571428571429,6.571428571428571,3.0,16.785714285714285
1195,66.25,23.25,56.25,6.0,19.75,13.75,19.0,12.75,22.5,9.5,12.75,5.5,2.25,16.0
1196,85.9,29.3,65.9,7.3,22.9,20.0,28.5,13.1,27.9,14.5,11.9,7.2,5.6,19.6
1197,52.0,19.0,63.0,5.0,15.0,9.0,13.0,6.0,22.0,9.0,15.0,9.0,2.0,19.0
1198,67.0,25.0,58.4,7.2,21.2,9.8,15.2,7.6,16.8,12.4,13.2,11.0,3.2,19.0
1199,77.0,27.2,56.4,5.6,17.4,17.0,24.6,6.2,22.6,13.2,13.2,11.0,4.6,19.0
1200,64.5,20.666666666666668,56.166666666666664,6.666666666666667,21.833333333333332,16.5,25.166666666666668,12.5,22.333333333333332,9.166666666666666,15.333333333333334,7.666666666666667,3.3333333333333335,20.833333333333332
1201,70.6,24.6,54.8,6.8,19.6,14.6,18.6,6.8,22.0,12.0,16.6,6.2,1.0,17.6
1202,70.16666666666667,22.833333333333332,58.0,8.666666666666666,29.833333333333332,15.833333333333334,20.833333333333332,7.5,21.0,12.166666666666666,9.5,6.666666666666667,2.8333333333333335,16.833333333333332
1203,79.75,26.75,60.5,8.75,23.75,17.5,23.25,5.5,29.5,11.5,13.25,6.0,2.25,15.5
1204,73.2,26.0,63.8,9.8,27.6,11.4,15.6,10.2,23.0,10.2,13.8,6.8,4.6,21.2
1205,62.666666666666664,22.833333333333332,56.0,6.166666666666667,19.166666666666668,10.833333333333334,17.0,7.666666666666667,25.5,11.166666666666666,13.5,5.0,3.1666666666666665,17.666666666666668
1206,59.666666666666664,22.0,54.333333333333336,5.333333333333333,19.0,10.333333333333334,12.0,7.666666666666667,23.0,9.333333333333334,10.333333333333334,4.666666666666667,3.6666666666666665,15.0
1207,56.0,22.0,54.0,8.0,24.0,4.0,19.0,9.0,19.0,12.0,11.0,3.0,5.0,18.0
1208,69.4,23.6,61.8,9.0,25.6,13.2,21.0,7.4,22.8,11.8,11.8,6.8,2.4,19.6
1209,73.0,24.5,65.5,8.0,17.5,16.0,23.0,11.0,24.0,10.5,9.0,4.5,3.0,21.0
1210,74.75,26.5,59.0,6.0,23.0,15.75,20.75,10.0,23.75,14.75,13.5,4.5,3.0,15.75
1211,75.07142857142857,28.071428571428573,61.785714285714285,6.285714285714286,19.642857142857142,12.642857142857142,19.714285714285715,10.857142857142858,26.571428571428573,14.785714285714286,10.285714285714286,5.071428571428571,3.7857142857142856,16.142857142857142
1212,66.16666666666667,22.166666666666668,50.166666666666664,7.0,16.833333333333332,14.833333333333334,22.0,6.166666666666667,22.0,10.833333333333334,11.5,5.666666666666667,4.666666666666667,13.833333333333334
1213,79.0,25.333333333333332,59.0,7.666666666666667,23.5,20.666666666666668,28.166666666666668,10.0,21.833333333333332,11.5,10.333333333333334,7.333333333333333,2.8333333333333335,19.166666666666668
1214,62.5,20.833333333333332,56.5,6.666666666666667,22.5,14.166666666666666,18.166666666666668,7.0,22.166666666666668,11.666666666666666,13.5,5.833333333333333,4.166666666666667,16.833333333333332
1218,71.8,24.2,53.8,8.6,22.0,14.8,20.0,6.0,24.6,13.2,12.2,6.0,2.2,15.2
1219,82.66666666666667,25.0,57.333333333333336,9.666666666666666,26.0,23.0,29.333333333333332,10.333333333333334,26.666666666666668,9.666666666666666,10.0,2.3333333333333335,2.6666666666666665,20.0
1220,89.25,31.25,59.25,10.0,25.5,16.75,20.5,6.0,24.5,15.25,9.25,8.0,3.25,18.5
1221,71.5,27.5,59.0,9.5,24.0,7.0,9.5,4.5,20.5,14.0,8.5,3.5,2.5,14.0
1222,67.71428571428571,24.357142857142858,58.07142857142857,7.428571428571429,22.357142857142858,11.571428571428571,15.714285714285714,11.0,23.357142857142858,12.5,9.0,5.857142857142857,5.214285714285714,16.857142857142858
1224,72.71428571428571,24.285714285714285,57.285714285714285,8.428571428571429,23.0,15.714285714285714,21.142857142857142,9.571428571428571,23.0,14.857142857142858,13.714285714285714,6.428571428571429,3.2857142857142856,17.714285714285715
1225,68.5,27.0,62.0,8.0,29.0,6.5,9.0,7.0,22.0,12.0,12.0,6.0,2.5,22.5
1226,67.5,25.75,58.0,5.25,17.5,10.75,13.75,8.5,20.75,9.5,8.25,7.0,2.5,12.75
1227,69.4,25.8,58.8,7.6,25.0,10.2,16.2,7.4,25.6,12.2,11.2,6.6,5.2,17.2
1228,79.125,26.5,57.625,7.25,23.375,18.875,25.375,9.5,25.0,13.125,12.0,4.625,3.75,16.5
1229,58.75,19.25,54.0,5.0,22.0,15.25,21.25,8.75,21.75,8.25,13.0,7.25,2.25,16.75
1230,65.0,23.0,51.0,6.0,18.0,13.0,16.0,9.0,22.0,8.0,16.0,5.0,5.0,13.0
1231,65.88888888888889,23.333333333333332,57.55555555555556,3.888888888888889,15.0,15.333333333333334,20.555555555555557,8.0,23.666666666666668,12.11111111111111,10.666666666666666,5.444444444444445,4.888888888888889,18.333333333333332
1232,85.85714285714286,30.0,58.0,10.857142857142858,27.142857142857142,15.0,19.571428571428573,5.0,24.571428571428573,18.0,11.0,6.571428571428571,1.1428571428571428,16.285714285714285
1233,68.14285714285714,24.285714285714285,60.285714285714285,8.714285714285714,25.142857142857142,10.857142857142858,15.857142857142858,7.714285714285714,19.428571428571427,13.857142857142858,9.0,8.428571428571429,1.7142857142857142,17.285714285714285
1234,76.0,27.833333333333332,63.5,7.0,24.166666666666668,13.333333333333334,18.833333333333332,8.833333333333334,27.666666666666668,16.0,10.5,5.166666666666667,3.5,17.166666666666668
1235,63.0,22.2,57.6,5.7,21.8,12.9,19.3,9.3,22.0,13.3,10.0,9.5,2.8,18.3
1236,85.0,29.5,64.0,10.5,29.5,15.5,22.0,8.0,20.5,13.0,12.5,11.5,2.0,19.0
1237,66.5,26.5,55.0,3.0,12.0,10.5,13.5,8.5,19.0,8.5,10.0,4.0,3.0,15.5
1238,68.25,24.0,63.5,6.25,23.0,14.0,20.5,15.0,18.0,13.0,11.25,8.75,3.0,16.0
1239,91.5,28.0,53.0,12.5,23.5,23.0,31.0,8.5,25.5,13.5,11.5,6.0,1.5,20.0
1240,65.0,24.666666666666668,59.0,5.666666666666667,18.333333333333332,10.0,14.666666666666666,10.666666666666666,21.0,12.666666666666666,10.0,7.0,4.0,15.333333333333334
1241,82.75,29.75,61.5,8.25,20.5,15.0,23.0,10.75,23.5,13.5,10.75,7.0,3.75,16.25
1242,75.3076923076923,27.76923076923077,60.92307692307692,6.384615384615385,18.23076923076923,13.384615384615385,19.307692307692307,8.76923076923077,28.46153846153846,16.307692307692307,11.153846153846153,6.461538461538462,4.615384615384615,15.384615384615385
1243,76.22222222222223,26.88888888888889,58.888888888888886,6.777777777777778,21.77777777777778,15.666666666666666,21.11111111111111,8.222222222222221,20.0,14.777777777777779,12.88888888888889,7.222222222222222,3.3333333333333335,20.0
1244,82.0,29.5,67.25,6.75,22.25,16.25,21.75,11.5,21.5,13.25,12.0,8.0,4.5,21.25
1245,70.28571428571429,25.428571428571427,61.0,7.0,21.0,12.428571428571429,17.714285714285715,10.428571428571429,22.0,10.428571428571429,10.142857142857142,7.0,2.857142857142857,18.714285714285715
1246,78.28571428571429,27.714285714285715,66.28571428571429,7.428571428571429,22.714285714285715,15.428571428571429,21.857142857142858,12.857142857142858,25.0,15.142857142857142,11.857142857142858,6.714285714285714,5.428571428571429,17.714285714285715
1247,75.66666666666667,28.666666666666668,61.666666666666664,8.333333333333334,20.666666666666668,10.0,13.0,7.666666666666667,23.0,13.333333333333334,8.0,5.0,3.0,16.333333333333332
1248,61.0,20.5,58.0,8.5,30.5,11.5,15.5,9.0,20.0,10.5,17.0,7.5,5.0,22.0
1249,79.33333333333333,26.333333333333332,57.0,9.0,20.666666666666668,17.666666666666668,24.0,10.666666666666666,22.333333333333332,13.666666666666666,14.0,6.333333333333333,2.6666666666666665,16.666666666666668
1251,70.42857142857143,25.857142857142858,58.0,10.0,27.571428571428573,8.714285714285714,14.0,7.428571428571429,22.142857142857142,15.0,10.142857142857142,4.857142857142857,1.7142857142857142,17.428571428571427
1252,77.33333333333333,28.0,60.333333333333336,6.333333333333333,21.333333333333332,15.0,20.666666666666668,7.333333333333333,22.0,10.333333333333334,11.0,6.0,4.0,14.333333333333334
1253,76.16666666666667,27.833333333333332,61.333333333333336,6.166666666666667,17.333333333333332,14.333333333333334,20.0,9.833333333333334,25.666666666666668,15.666666666666666,11.5,6.833333333333333,4.333333333333333,17.833333333333332
1254,83.0,25.0,55.0,12.0,29.0,21.0,25.0,6.0,24.0,13.0,14.0,6.0,3.0,21.0
1255,70.0,24.666666666666668,54.0,7.0,18.0,13.666666666666666,17.333333333333332,7.666666666666667,21.0,14.666666666666666,11.0,8.666666666666666,1.0,14.0
1256,67.0,25.0,63.0,5.0,14.0,12.0,18.0,13.0,24.0,14.0,9.0,5.0,4.0,12.0
1257,77.0,25.0,55.666666666666664,7.333333333333333,17.666666666666668,19.666666666666668,23.666666666666668,6.333333333333333,21.666666666666668,10.666666666666666,12.0,5.0,3.0,22.333333333333332
1258,67.0,23.6,55.0,7.2,22.2,12.6,16.8,8.0,21.0,10.8,10.8,4.0,2.2,15.4
1259,51.0,22.0,58.0,5.0,22.0,2.0,7.0,13.0,25.0,12.0,20.0,6.0,5.0,16.0
1260,62.6,22.2,59.2,7.8,22.4,10.4,16.6,9.2,21.8,13.2,13.8,6.6,4.4,18.4
1261,69.66666666666667,24.0,54.5,6.666666666666667,18.5,15.0,21.333333333333332,8.166666666666666,23.166666666666668,10.166666666666666,14.333333333333334,8.666666666666666,3.8333333333333335,17.833333333333332
1263,79.0,26.0,49.0,7.5,16.5,19.5,23.0,5.0,22.0,11.0,11.0,9.5,3.0,17.5
1264,57.0,20.0,46.0,5.0,13.0,12.0,14.0,2.0,25.0,13.0,11.0,5.0,5.0,16.0
1265,63.0,22.0,47.0,6.5,15.0,12.5,15.0,4.0,23.5,14.5,13.0,7.5,3.0,15.5
1266,69.66666666666667,25.666666666666668,59.111111111111114,8.333333333333334,23.88888888888889,10.0,14.222222222222221,6.333333333333333,22.555555555555557,13.222222222222221,9.0,7.222222222222222,2.3333333333333335,16.11111111111111
1267,70.5,25.166666666666668,63.666666666666664,7.166666666666667,24.5,13.0,17.666666666666668,9.833333333333334,25.166666666666668,14.5,12.166666666666666,6.5,4.333333333333333,17.333333333333332
1268,60.5,21.333333333333332,53.333333333333336,5.166666666666667,17.833333333333332,12.666666666666666,18.833333333333332,9.0,20.333333333333332,11.333333333333334,13.5,7.166666666666667,4.333333333333333,17.0
1269,80.6,28.0,60.6,7.8,23.0,16.8,23.0,10.4,22.8,16.8,11.6,8.4,2.0,20.6
1270,59.0,25.0,51.0,3.0,7.0,6.0,14.0,8.0,22.0,9.0,9.0,8.0,2.0,15.0
1271,81.0,29.0,57.0,6.0,19.0,17.0,26.0,10.0,20.0,10.0,13.0,8.0,3.0,25.0
1272,70.0,25.0,59.285714285714285,6.857142857142857,22.142857142857142,13.142857142857142,17.857142857142858,9.142857142857142,21.142857142857142,11.571428571428571,10.142857142857142,6.571428571428571,3.857142857142857,17.142857142857142
1273,66.75,24.25,52.25,7.25,19.0,11.0,17.25,7.75,22.5,12.25,12.0,6.5,6.25,16.0
1274,73.0,26.153846153846153,59.23076923076923,6.384615384615385,20.153846153846153,14.307692307692308,17.76923076923077,7.230769230769231,23.153846153846153,12.615384615384615,9.538461538461538,7.846153846153846,3.1538461538461537,14.153846153846153
1275,63.0,25.0,59.0,6.0,24.0,7.0,10.0,1.0,24.0,6.0,11.0,8.0,2.0,16.0
1276,71.375,25.75,58.25,6.5,18.75,13.375,18.75,9.25,25.625,12.375,13.125,5.25,5.0,15.0
1277,74.4,27.3,58.6,6.6,17.7,13.2,18.2,9.3,22.1,13.9,10.1,6.5,4.5,18.3
1278,62.5,23.0,49.0,6.0,18.5,10.5,17.0,6.5,17.0,11.5,14.0,4.5,2.0,13.0
1279,82.66666666666667,28.333333333333332,59.333333333333336,10.666666666666666,23.666666666666668,15.333333333333334,21.666666666666668,8.333333333333334,21.666666666666668,18.0,8.666666666666666,8.0,5.0,19.666666666666668
1280,72.9,25.4,56.5,6.4,20.4,15.7,21.6,10.1,26.4,13.2,11.4,7.6,3.3,16.1
1281,71.6,26.4,62.0,7.6,23.8,11.2,14.6,7.8,21.0,11.8,9.0,6.8,3.4,17.6
1282,66.5,23.25,59.25,10.25,29.75,9.75,16.25,10.75,19.5,12.75,12.5,5.0,3.0,22.0
1283,66.4,23.0,52.0,7.0,19.8,13.4,18.8,8.4,28.0,13.0,14.0,4.4,4.2,17.0
1284,76.25,26.75,58.75,6.25,19.25,16.5,21.5,12.25,22.0,14.5,12.0,7.75,3.0,16.75
1285,76.33333333333333,26.0,51.666666666666664,7.666666666666667,21.666666666666668,16.666666666666668,22.333333333333332,4.333333333333333,24.333333333333332,12.333333333333334,12.0,3.0,2.6666666666666665,16.666666666666668
1286,75.4,27.4,57.2,8.8,24.4,11.8,16.0,6.0,20.4,12.6,11.2,6.8,3.0,15.4
1287,77.0,27.333333333333332,58.0,11.666666666666666,29.666666666666668,10.666666666666666,17.0,6.666666666666667,25.0,14.666666666666666,9.333333333333334,6.0,3.6666666666666665,13.666666666666666
1288,73.33333333333333,28.0,59.666666666666664,4.333333333333333,15.0,13.0,18.0,7.333333333333333,21.0,11.0,14.666666666666666,6.0,4.0,21.0
1291,61.0,24.0,55.0,8.0,19.0,5.0,10.0,8.0,19.0,14.0,15.0,3.0,3.0,11.0
1292,59.0,19.4,52.2,6.4,22.8,13.8,18.6,7.4,19.4,8.4,14.6,5.2,3.8,12.4
1293,65.0,22.8,59.8,5.6,21.6,13.8,21.6,9.4,24.2,11.2,9.0,5.2,2.8,19.8
1294,74.0,27.666666666666668,62.333333333333336,9.333333333333334,26.666666666666668,9.333333333333334,12.333333333333334,9.333333333333334,20.666666666666668,12.333333333333334,14.333333333333334,4.333333333333333,2.6666666666666665,18.666666666666668
1295,55.5,20.5,46.0,7.0,16.5,7.5,10.0,6.5,16.5,11.0,13.5,3.5,2.0,13.0
1296,98.0,28.0,48.0,9.0,16.0,33.0,44.0,4.0,28.0,15.0,15.0,1.0,3.0,17.0
1297,63.5,23.0,69.0,7.0,29.5,10.5,12.5,12.0,16.0,12.5,6.0,8.5,2.0,16.5
1299,70.6,23.8,57.6,6.0,22.0,17.0,23.0,7.4,21.4,10.6,10.2,4.8,3.0,16.6
1300,68.66666666666667,23.0,57.333333333333336,6.666666666666667,20.333333333333332,16.0,22.0,11.0,20.333333333333332,9.0,13.333333333333334,6.333333333333333,2.3333333333333335,17.0
1301,79.0,27.22222222222222,59.55555555555556,6.555555555555555,18.0,18.0,23.444444444444443,7.222222222222222,24.444444444444443,12.555555555555555,9.11111111111111,8.666666666666666,3.6666666666666665,15.777777777777779
1303,77.33333333333333,27.0,59.0,6.666666666666667,22.333333333333332,16.666666666666668,22.0,9.0,22.0,8.666666666666666,10.0,5.666666666666667,2.0,18.666666666666668
1304,88.0,30.666666666666668,64.66666666666667,10.0,27.666666666666668,16.666666666666668,23.666666666666668,9.666666666666666,27.333333333333332,16.666666666666668,8.333333333333334,7.0,2.6666666666666665,17.0
1305,74.0,24.666666666666668,52.5,7.0,20.0,17.666666666666668,24.0,7.833333333333333,23.0,11.5,12.166666666666666,5.0,3.3333333333333335,17.833333333333332
1307,83.125,31.125,65.125,4.875,16.875,16.0,22.25,10.125,27.0,16.125,9.75,9.25,4.625,16.75
1308,63.4,22.0,54.2,6.2,19.0,13.2,18.2,6.8,23.4,11.0,11.6,4.4,2.8,19.8
1309,68.0,22.666666666666668,57.333333333333336,4.333333333333333,19.666666666666668,18.333333333333332,22.0,8.333333333333334,24.666666666666668,9.333333333333334,12.333333333333334,8.0,3.0,19.333333333333332
1310,63.0,24.0,49.0,6.0,19.5,9.0,14.0,4.5,17.0,14.5,14.5,8.0,2.5,14.0
1311,72.33333333333333,23.0,59.0,7.666666666666667,24.0,18.666666666666668,23.666666666666668,7.666666666666667,24.333333333333332,9.666666666666666,10.333333333333334,7.333333333333333,5.0,18.666666666666668
1313,66.85714285714286,22.142857142857142,53.42857142857143,5.857142857142857,17.428571428571427,16.714285714285715,23.428571428571427,9.428571428571429,17.714285714285715,10.285714285714286,11.571428571428571,8.428571428571429,2.7142857142857144,19.428571428571427
1314,81.26666666666667,27.466666666666665,63.333333333333336,8.533333333333333,24.2,17.8,23.933333333333334,10.733333333333333,27.933333333333334,14.733333333333333,10.6,4.533333333333333,3.8666666666666667,17.266666666666666
1315,71.66666666666667,25.333333333333332,56.666666666666664,6.666666666666667,24.0,14.333333333333334,21.333333333333332,8.0,23.666666666666668,11.0,14.0,6.666666666666667,3.0,16.333333333333332
1317,63.42857142857143,22.142857142857142,56.714285714285715,7.571428571428571,22.0,11.571428571428571,14.571428571428571,10.0,21.428571428571427,10.0,11.428571428571429,7.285714285714286,3.5714285714285716,18.142857142857142
1318,78.33333333333333,26.0,55.333333333333336,6.666666666666667,19.666666666666668,19.666666666666668,27.333333333333332,11.666666666666666,22.666666666666668,16.666666666666668,14.333333333333334,9.333333333333334,3.0,16.0
1319,68.33333333333333,26.666666666666668,57.333333333333336,6.666666666666667,22.666666666666668,8.333333333333334,14.666666666666666,6.666666666666667,24.666666666666668,13.0,14.666666666666666,7.666666666666667,3.6666666666666665,18.666666666666668
1320,70.2,25.0,59.2,6.8,20.2,13.4,18.8,7.6,25.8,12.0,9.6,5.4,1.8,17.0
1321,65.5,24.0,57.166666666666664,7.5,22.166666666666668,10.0,13.166666666666666,9.333333333333334,22.0,11.5,8.5,6.666666666666667,2.5,17.333333333333332
1322,68.0,25.666666666666668,60.666666666666664,5.333333333333333,17.666666666666668,11.333333333333334,19.666666666666668,13.666666666666666,20.333333333333332,9.0,10.333333333333334,5.333333333333333,1.0,21.666666666666668
1323,69.71428571428571,24.285714285714285,56.857142857142854,7.571428571428571,22.857142857142858,13.571428571428571,17.714285714285715,7.714285714285714,23.0,11.857142857142858,11.0,6.142857142857143,1.7142857142857142,14.285714285714286
1324,77.2,27.4,62.6,8.4,24.6,14.0,18.8,9.6,27.2,15.4,10.6,6.2,4.0,16.0
1325,78.16666666666667,28.666666666666668,64.0,7.666666666666667,23.333333333333332,13.166666666666666,19.666666666666668,8.333333333333334,24.0,12.833333333333334,11.0,7.0,3.5,20.0
1326,75.25,26.75,58.5,7.25,20.875,14.5,19.5,9.625,26.0,13.25,11.5,6.375,3.875,20.5
1328,73.8,26.4,55.6,7.2,20.8,13.8,20.0,7.0,23.2,11.6,14.4,6.0,1.8,17.4
1329,65.5,22.5,54.75,7.25,24.25,13.25,19.5,9.25,23.5,13.25,16.25,5.75,4.25,17.75
1330,78.25,28.0,60.75,5.75,20.5,16.5,24.0,9.25,22.0,9.75,14.0,8.5,3.5,21.5
1331,63.666666666666664,22.666666666666668,60.333333333333336,10.0,31.0,8.333333333333334,11.0,8.0,22.666666666666668,10.0,6.666666666666667,4.333333333333333,2.6666666666666665,13.666666666666666
1332,75.42857142857143,27.857142857142858,63.42857142857143,6.0,22.571428571428573,13.714285714285714,20.571428571428573,9.857142857142858,22.285714285714285,13.428571428571429,10.857142857142858,8.0,3.2857142857142856,20.571428571428573
1333,60.75,21.75,53.0,4.5,19.25,12.75,16.75,7.0,21.5,11.75,10.25,5.0,2.75,20.0
1334,43.0,14.0,56.0,5.0,23.0,10.0,17.0,8.0,17.0,10.0,16.0,5.0,2.0,15.0
1335,79.0,31.5,62.5,10.5,26.5,5.5,10.5,7.0,21.5,18.5,12.0,6.0,3.0,14.0
1336,72.125,24.625,58.875,8.5,24.25,14.375,19.625,8.25,20.0,10.25,8.5,6.25,2.875,16.625
1337,73.4,27.6,58.2,6.6,17.6,11.6,17.2,9.2,23.0,17.0,13.8,5.4,2.4,18.6
1338,69.28571428571429,23.0,58.857142857142854,8.142857142857142,24.714285714285715,15.142857142857142,20.0,8.714285714285714,25.428571428571427,12.0,9.714285714285714,5.714285714285714,3.7142857142857144,17.0
1339,64.8,21.6,55.0,10.0,28.0,11.6,16.0,7.8,22.2,13.2,11.0,3.8,1.2,13.6
1340,74.66666666666667,25.666666666666668,60.666666666666664,9.333333333333334,25.0,14.0,19.333333333333332,10.0,25.0,10.333333333333334,11.333333333333334,6.0,3.6666666666666665,19.666666666666668
1341,78.0,29.0,64.0,4.0,11.0,16.0,24.0,9.0,32.0,17.0,7.0,9.0,5.0,12.0
1342,68.0,25.0,54.333333333333336,7.0,18.333333333333332,11.0,18.333333333333332,7.666666666666667,20.666666666666668,13.666666666666666,12.333333333333334,5.333333333333333,3.0,17.333333333333332
1343,72.2,27.8,64.8,8.6,26.8,8.0,11.6,10.4,22.6,11.8,9.6,6.2,2.4,14.4
1344,68.88888888888889,24.333333333333332,60.666666666666664,7.333333333333333,25.0,12.88888888888889,16.77777777777778,8.777777777777779,25.22222222222222,12.555555555555555,9.333333333333334,4.888888888888889,3.6666666666666665,17.77777777777778
1345,75.36363636363636,24.727272727272727,55.0,6.2727272727272725,19.181818181818183,19.636363636363637,27.09090909090909,10.0,25.636363636363637,15.0,12.909090909090908,6.090909090909091,3.272727272727273,15.181818181818182
1346,68.0,25.5,58.0,4.5,12.0,12.5,18.5,13.0,21.0,15.0,8.5,4.0,2.0,12.0
1347,73.5,26.0,62.5,7.25,19.5,14.25,19.25,11.25,28.25,10.75,10.75,5.5,3.0,17.0
1348,61.25,21.75,51.5,5.5,18.0,12.25,17.0,6.75,21.5,10.25,13.75,4.0,3.75,16.0
1349,73.25,25.25,57.5,7.5,20.25,15.25,20.5,6.75,22.0,14.5,13.0,4.25,4.75,16.75
1350,66.0,25.333333333333332,55.833333333333336,6.0,18.833333333333332,9.333333333333334,14.666666666666666,5.0,22.666666666666668,13.5,8.833333333333334,5.333333333333333,3.5,15.833333333333334
1351,48.0,17.0,58.0,2.0,15.0,12.0,17.0,5.0,25.0,8.0,8.0,3.0,3.0,21.0
1353,64.75,25.75,64.0,5.75,19.75,7.5,10.25,8.75,22.25,14.25,10.25,5.75,5.25,16.5
1354,58.0,14.0,47.0,9.0,25.0,21.0,26.0,9.0,17.0,11.0,22.0,12.0,3.0,30.0
1355,69.2,24.8,56.2,8.7,25.5,10.9,15.9,5.8,24.7,12.6,10.1,5.1,2.9,14.0
1356,79.66666666666667,24.0,57.333333333333336,12.666666666666666,31.333333333333332,19.0,26.333333333333332,6.666666666666667,25.0,15.333333333333334,8.0,5.0,2.6666666666666665,20.666666666666668
1357,66.0,22.0,60.0,6.0,21.0,16.0,20.0,11.0,22.0,6.0,16.0,15.0,2.0,16.0
1358,75.66666666666667,27.333333333333332,56.666666666666664,6.333333333333333,18.333333333333332,14.666666666666666,22.666666666666668,10.0,22.666666666666668,13.666666666666666,10.666666666666666,6.666666666666667,1.3333333333333333,17.666666666666668
1359,77.0,27.5,55.5,8.0,22.5,14.0,19.5,7.0,28.5,14.0,12.0,6.5,3.5,18.0
1360,68.25,24.0,62.25,6.25,18.0,14.0,19.5,8.0,22.5,12.0,11.0,9.5,4.5,20.5
1361,72.33333333333333,25.25,60.75,5.916666666666667,18.666666666666668,15.916666666666666,22.416666666666668,10.833333333333334,25.25,12.25,9.25,5.666666666666667,5.0,17.5
1362,72.42857142857143,28.428571428571427,60.285714285714285,7.571428571428571,23.714285714285715,8.0,11.428571428571429,8.142857142857142,22.714285714285715,14.571428571428571,10.428571428571429,8.285714285714286,3.5714285714285716,18.0
1363,70.25,26.5,56.5,9.75,26.25,7.5,11.75,7.25,23.5,13.25,9.0,5.25,3.0,16.75
1364,69.33333333333333,25.0,58.0,5.333333333333333,18.0,14.0,19.333333333333332,8.0,26.0,11.666666666666666,10.333333333333334,6.0,3.0,19.0
1365,77.0,25.571428571428573,56.0,6.714285714285714,17.857142857142858,19.142857142857142,25.0,8.571428571428571,23.142857142857142,13.428571428571429,14.142857142857142,4.857142857142857,2.4285714285714284,18.285714285714285
1367,60.0,23.0,54.0,5.0,22.0,9.0,19.0,5.0,22.0,14.0,12.0,5.0,7.0,16.0
1368,70.0,24.333333333333332,57.666666666666664,7.0,20.666666666666668,14.333333333333334,20.666666666666668,12.0,18.666666666666668,15.666666666666666,15.0,8.0,1.3333333333333333,18.666666666666668
1369,72.5,26.5,57.5,8.5,26.0,11.0,18.5,7.0,21.0,15.5,13.0,6.0,3.0,25.5
1370,76.5,27.5,57.0,9.0,21.5,12.5,15.0,6.5,22.0,19.5,9.5,4.0,2.0,18.5
1371,67.5,25.0,63.5,6.75,21.75,10.75,14.5,11.0,18.5,12.0,11.5,7.75,3.0,18.5
1372,76.25,26.75,56.5,8.25,20.0,14.5,19.0,6.25,17.75,12.25,13.0,7.5,2.75,19.0
1373,60.0,24.0,53.666666666666664,4.666666666666667,17.333333333333332,7.333333333333333,10.666666666666666,8.333333333333334,22.0,13.0,15.0,4.333333333333333,2.6666666666666665,15.0
1374,63.666666666666664,24.666666666666668,55.666666666666664,7.333333333333333,20.0,7.0,11.0,7.666666666666667,20.333333333333332,13.666666666666666,13.0,6.0,4.0,18.0
1375,71.0,21.0,64.0,5.0,18.0,24.0,31.0,7.0,20.0,5.0,8.0,10.0,5.0,13.0
1376,72.4,26.0,54.8,5.6,17.2,14.8,21.4,8.2,22.2,14.6,10.6,4.0,2.0,19.0
1377,76.0,27.333333333333332,58.666666666666664,7.666666666666667,19.333333333333332,13.666666666666666,21.333333333333332,9.0,25.666666666666668,12.333333333333334,12.333333333333334,3.6666666666666665,2.6666666666666665,17.666666666666668
1378,84.0,27.333333333333332,61.0,13.666666666666666,30.666666666666668,15.666666666666666,22.666666666666668,8.0,22.666666666666668,16.0,10.0,8.333333333333334,5.333333333333333,21.333333333333332
1379,65.75,21.75,51.75,5.75,15.0,16.5,23.0,7.25,18.75,9.75,13.0,8.25,3.75,20.5
1380,58.0,17.0,49.0,2.0,18.0,22.0,31.0,8.0,19.0,5.0,13.0,5.0,2.0,22.0
1381,74.0,23.0,51.0,8.0,23.0,20.0,26.0,5.0,24.0,13.0,11.0,7.0,1.0,16.0
1382,64.57142857142857,22.571428571428573,56.42857142857143,5.142857142857143,19.0,14.285714285714286,17.714285714285715,9.714285714285714,22.0,10.285714285714286,11.714285714285714,7.571428571428571,3.5714285714285716,17.142857142857142
1385,76.25,28.5,64.5,7.5,21.5,11.75,16.25,13.0,22.25,15.0,13.25,7.0,3.5,19.25
1386,69.4,24.0,52.6,9.4,25.4,12.0,15.8,7.6,26.6,14.4,12.0,5.8,2.8,13.4
1387,72.6,24.4,56.2,8.0,21.8,15.8,21.8,5.8,24.0,13.8,10.4,6.4,3.2,17.2
1388,63.6,23.1,57.3,5.3,19.2,12.1,19.5,11.7,23.6,12.3,10.0,5.9,2.9,17.4
1389,64.42857142857143,21.285714285714285,53.42857142857143,5.428571428571429,15.714285714285714,16.428571428571427,22.0,8.0,23.571428571428573,10.714285714285714,10.428571428571429,4.142857142857143,6.428571428571429,20.428571428571427
1390,70.4,26.0,60.2,7.4,25.6,11.0,18.2,7.2,25.2,14.8,13.0,7.0,2.4,16.0
1391,78.0,30.0,56.5,9.5,24.0,8.5,10.5,9.0,26.0,18.5,9.5,4.5,3.0,12.5
1392,81.66666666666667,29.666666666666668,65.0,10.0,23.666666666666668,12.333333333333334,17.0,7.333333333333333,28.333333333333332,11.666666666666666,8.0,4.333333333333333,2.6666666666666665,17.0
1393,65.25,25.25,58.75,5.0,19.0,9.75,14.5,5.5,22.0,11.5,15.0,8.75,4.0,17.25
1394,71.6,24.0,64.2,5.6,19.6,18.0,24.6,9.8,25.0,11.0,11.2,6.8,2.0,21.8
1395,75.5,25.7,62.8,5.7,19.3,18.4,24.4,12.7,24.3,14.5,11.5,8.7,3.1,20.1
1396,65.7,22.8,59.9,7.6,24.0,12.5,19.0,8.4,23.5,11.1,9.4,7.8,3.4,15.8
1397,66.9,23.7,60.0,7.7,23.9,11.8,16.2,9.8,22.2,15.6,10.3,8.5,3.0,17.0
1398,71.75,23.75,56.25,5.75,17.75,18.5,22.5,9.0,19.25,12.5,13.0,10.75,2.75,19.5
1400,79.0,29.4,61.2,7.4,19.6,12.8,17.2,8.0,20.9,15.9,8.3,6.0,3.6,19.4
1401,80.375,27.125,62.75,8.0,23.625,18.125,24.875,14.125,22.25,10.5,10.0,6.125,2.5,19.125
1402,70.66666666666667,25.0,54.5,4.0,12.833333333333334,16.666666666666668,23.166666666666668,9.166666666666666,21.5,9.833333333333334,12.833333333333334,7.5,3.5,18.0
1403,73.22222222222223,25.11111111111111,55.77777777777778,8.222222222222221,21.555555555555557,14.777777777777779,19.22222222222222,8.222222222222221,24.444444444444443,14.11111111111111,11.11111111111111,5.666666666666667,3.4444444444444446,15.444444444444445
1404,72.0,26.0,67.0,6.0,22.0,14.0,17.0,7.0,28.5,8.5,10.5,5.5,5.0,15.5
1405,72.0,26.75,59.75,5.25,15.25,13.25,19.5,7.25,19.5,11.0,13.5,6.0,2.75,20.0
1406,59.875,20.375,54.75,5.375,18.75,13.75,20.625,12.75,23.125,9.125,13.125,5.875,4.875,16.125
1407,68.0,23.0,49.0,9.0,19.0,13.0,22.0,10.0,13.0,15.0,18.0,13.0,1.0,17.0
1408,77.0,26.25,57.25,5.5,19.25,19.0,27.0,7.25,20.5,11.75,11.25,9.25,3.25,18.0
1409,68.0,21.5,53.5,7.0,24.0,18.0,26.0,6.0,17.0,10.0,13.5,13.5,3.0,22.0
1410,57.5,20.0,61.5,1.0,10.5,16.5,23.5,9.0,20.5,5.5,9.5,7.5,4.0,13.0
1411,70.25,24.625,57.125,5.25,19.5,15.75,20.375,7.5,22.0,11.625,12.25,6.125,3.75,19.75
1412,76.66666666666667,27.5,59.333333333333336,6.0,17.666666666666668,15.666666666666666,21.166666666666668,9.166666666666666,24.666666666666668,13.833333333333334,9.666666666666666,7.666666666666667,4.666666666666667,16.666666666666668
1413,68.66666666666667,24.666666666666668,60.0,6.666666666666667,20.333333333333332,12.666666666666666,15.333333333333334,10.0,21.666666666666668,12.0,9.0,4.666666666666667,4.333333333333333,16.0
1414,78.75,30.0,59.25,5.5,13.25,13.25,20.75,9.5,25.25,15.25,10.75,5.75,2.0,19.75
1415,74.66666666666667,24.333333333333332,58.0,9.0,26.0,17.0,22.333333333333332,6.666666666666667,19.333333333333332,13.333333333333334,6.333333333333333,7.666666666666667,1.0,15.333333333333334
1416,76.75,26.25,63.75,7.5,21.0,16.75,22.5,10.0,26.5,10.0,8.25,9.25,7.0,15.75
1417,68.36363636363636,24.454545454545453,54.36363636363637,5.363636363636363,15.090909090909092,14.090909090909092,18.454545454545453,7.090909090909091,21.181818181818183,12.909090909090908,8.181818181818182,6.454545454545454,3.272727272727273,16.181818181818183
1418,73.66666666666667,27.5,60.0,8.666666666666666,23.666666666666668,10.0,13.833333333333334,7.666666666666667,18.5,12.666666666666666,10.833333333333334,8.666666666666666,3.5,16.833333333333332
1419,71.0,24.0,67.0,4.0,16.0,19.0,28.0,10.0,24.0,11.0,7.0,13.0,3.0,19.0
1421,70.0,24.333333333333332,59.0,7.444444444444445,23.0,13.88888888888889,20.444444444444443,7.888888888888889,20.88888888888889,14.666666666666666,10.666666666666666,5.444444444444445,3.3333333333333335,16.666666666666668
1422,71.0,24.5,56.0,8.25,25.0,13.75,19.75,7.25,20.5,10.75,8.0,9.0,2.75,17.25
1423,65.0,23.666666666666668,60.333333333333336,6.333333333333333,21.666666666666668,11.333333333333334,14.666666666666666,7.0,19.333333333333332,6.0,7.0,5.333333333333333,2.0,15.0
1424,69.0,23.666666666666668,55.666666666666664,4.0,16.333333333333332,17.666666666666668,24.333333333333332,5.666666666666667,20.666666666666668,7.666666666666667,9.666666666666666,7.333333333333333,2.0,17.666666666666668
1425,69.5,25.5,56.0,7.625,21.5,10.875,15.625,7.75,23.75,14.375,14.375,6.0,5.75,15.875
1426,86.5,29.5,56.5,11.75,28.5,15.75,20.0,9.25,21.0,18.0,16.25,6.0,3.5,24.0
1427,61.0,19.0,60.0,6.0,25.0,17.0,24.0,11.0,29.0,8.0,7.0,6.0,9.0,16.0
1428,75.33333333333333,27.0,59.333333333333336,9.0,24.333333333333332,12.333333333333334,18.0,8.5,26.333333333333332,15.333333333333334,11.666666666666666,7.166666666666667,2.5,14.166666666666666
1429,71.85714285714286,26.142857142857142,57.42857142857143,4.142857142857143,18.428571428571427,15.428571428571429,22.571428571428573,9.142857142857142,24.857142857142858,14.714285714285714,11.142857142857142,6.857142857142857,3.4285714285714284,15.285714285714286
1430,64.0,25.0,58.5,6.0,24.0,8.0,13.5,9.5,24.0,15.0,14.5,7.0,6.5,17.5
1431,67.2,21.6,53.2,4.6,16.2,19.4,25.4,10.0,20.8,9.6,15.2,10.2,1.8,21.6
1433,65.125,21.5,48.5,6.5,19.5,15.625,21.0,7.25,22.125,10.5,13.25,7.125,5.125,18.75
1434,61.0,22.0,80.0,6.0,33.0,11.0,17.0,18.0,27.0,10.0,10.0,10.0,5.0,15.0
1435,71.0,25.75,60.5,5.5,21.5,14.0,21.5,8.5,23.25,11.75,11.0,7.75,2.25,17.5
1436,68.8,24.8,55.8,9.4,25.8,9.8,15.2,5.4,23.6,12.0,7.8,4.4,2.8,16.0
1437,68.54545454545455,22.363636363636363,56.81818181818182,9.090909090909092,28.272727272727273,14.727272727272727,17.727272727272727,8.909090909090908,24.727272727272727,11.454545454545455,8.818181818181818,4.545454545454546,2.272727272727273,14.363636363636363
1438,61.333333333333336,22.666666666666668,56.333333333333336,5.666666666666667,19.166666666666668,10.333333333333334,16.333333333333332,7.666666666666667,21.833333333333332,14.166666666666666,7.333333333333333,7.166666666666667,4.5,12.666666666666666
1439,71.5,23.5,52.666666666666664,6.166666666666667,20.166666666666668,18.333333333333332,22.5,4.833333333333333,20.333333333333332,12.666666666666666,11.333333333333334,5.833333333333333,1.5,16.333333333333332
1440,72.0,28.0,59.333333333333336,4.333333333333333,17.666666666666668,11.666666666666666,18.0,8.666666666666666,27.0,9.333333333333334,17.0,6.0,2.6666666666666665,22.666666666666668
1441,76.0,31.0,62.0,8.0,19.0,6.0,11.0,7.0,28.0,12.0,12.0,2.0,0.0,14.0
1442,59.0,20.5,61.5,4.5,22.0,13.5,23.5,16.0,26.5,12.0,15.5,5.5,6.5,12.5
1443,78.0,28.166666666666668,61.5,5.0,16.666666666666668,16.666666666666668,22.333333333333332,9.166666666666666,26.666666666666668,10.0,13.166666666666666,9.833333333333334,3.8333333333333335,20.666666666666668
1444,65.0,23.666666666666668,53.333333333333336,9.333333333333334,22.0,8.333333333333334,14.666666666666666,7.666666666666667,24.666666666666668,13.333333333333334,15.333333333333334,5.333333333333333,3.6666666666666665,15.333333333333334
1448,72.4,26.4,56.4,7.4,21.2,12.2,17.2,7.4,20.4,11.0,10.0,6.8,5.6,16.6
1449,81.5,29.25,64.5,7.75,22.0,15.25,20.75,8.75,23.25,18.25,12.0,7.75,4.0,21.25
1450,66.66666666666667,26.0,59.666666666666664,5.333333333333333,20.166666666666668,9.333333333333334,13.5,9.666666666666666,25.166666666666668,11.666666666666666,10.666666666666666,6.0,4.0,15.833333333333334
1451,68.25,22.25,52.75,7.25,21.75,16.5,20.0,6.0,19.75,10.0,9.75,4.25,0.5,15.25
1452,69.33333333333333,24.833333333333332,59.166666666666664,8.166666666666666,21.833333333333332,11.5,16.0,8.666666666666666,23.0,13.5,11.666666666666666,4.166666666666667,2.6666666666666665,18.5
1453,68.0,25.0,52.0,13.0,24.0,5.0,8.0,3.0,23.0,16.0,13.0,3.0,2.0,11.0
1454,71.5,25.75,64.0,6.75,24.0,13.25,19.0,12.5,22.5,13.0,9.0,5.75,4.5,17.25
1455,72.71428571428571,27.571428571428573,64.28571428571429,6.714285714285714,21.0,10.857142857142858,15.428571428571429,9.0,27.428571428571427,13.0,10.571428571428571,5.142857142857143,4.857142857142857,14.714285714285714
1456,69.5,24.0,58.75,8.75,28.25,12.75,19.25,9.25,24.0,11.75,9.5,3.25,1.5,18.0
1457,56.0,21.0,49.0,9.0,26.0,5.0,7.0,5.0,24.0,15.0,14.0,5.0,6.0,18.0
1458,71.25,26.0,60.375,7.625,22.5,11.625,14.875,10.375,23.25,14.875,8.625,6.5,2.25,15.875
1459,71.0,25.25,62.25,7.0,25.5,13.5,19.0,8.25,29.5,12.25,13.75,4.75,4.0,22.5
1460,80.8,28.0,61.2,7.2,19.6,17.6,23.4,8.4,23.6,13.0,12.0,7.4,3.2,16.6
1461,70.5,24.166666666666668,54.333333333333336,7.833333333333333,20.333333333333332,14.333333333333334,20.166666666666668,8.5,23.833333333333332,11.166666666666666,15.833333333333334,6.166666666666667,3.6666666666666665,17.166666666666668
1462,71.42857142857143,26.428571428571427,60.57142857142857,5.571428571428571,17.857142857142858,13.0,19.714285714285715,6.0,27.571428571428573,16.142857142857142,10.857142857142858,5.428571428571429,3.4285714285714284,17.571428571428573
1463,65.16666666666667,25.666666666666668,61.166666666666664,6.0,20.0,7.833333333333333,13.666666666666666,7.666666666666667,27.166666666666668,14.0,9.666666666666666,4.333333333333333,3.8333333333333335,15.0
1465,57.0,23.0,55.0,4.0,16.0,7.0,9.0,7.0,20.0,14.0,9.0,3.0,2.0,14.0
1467,78.0,26.0,58.5,5.5,24.0,20.5,26.5,6.5,32.0,13.0,12.5,9.0,3.0,19.5
1470,69.66666666666667,25.333333333333332,56.666666666666664,7.666666666666667,21.666666666666668,11.333333333333334,13.333333333333334,10.666666666666666,17.0,12.666666666666666,9.0,6.0,2.0,13.666666666666666
1471,70.0,23.0,54.0,4.0,20.0,20.0,31.0,5.0,25.0,8.0,11.0,7.0,1.0,17.0
1472,63.25,22.75,49.5,9.25,21.5,8.5,13.5,6.5,19.25,10.25,10.25,5.25,1.0,15.0
1473,71.5,25.0,55.0,7.0,17.5,14.5,20.0,6.0,26.0,9.5,11.5,7.0,4.5,20.0
1474,69.0,24.0,58.0,7.0,25.0,14.0,18.0,8.0,26.0,15.0,9.0,7.0,1.0,18.0
1475,64.0,24.0,52.0,7.0,26.0,9.0,13.0,7.0,16.0,13.0,17.0,10.0,6.0,27.0
1477,69.0,23.0,49.0,3.0,15.0,20.0,32.0,9.0,22.0,7.0,9.0,6.0,4.0,16.0
3101,48.5,17.0,54.0,6.5,19.0,8.0,10.0,6.0,20.5,8.5,13.5,7.0,1.0,11.5
3102,49.666666666666664,16.333333333333332,53.333333333333336,5.333333333333333,20.0,11.666666666666666,17.333333333333332,5.666666666666667,20.666666666666668,8.333333333333334,12.666666666666666,6.666666666666667,2.3333333333333335,18.0
3103,68.0,26.0,56.5,5.0,15.0,11.0,16.0,8.0,18.0,16.5,16.5,8.5,4.0,22.0
3104,68.6,24.6,56.8,7.4,21.6,12.0,16.0,9.0,20.2,11.2,15.0,8.2,3.4,16.4
3105,68.66666666666667,26.333333333333332,62.0,5.333333333333333,18.666666666666668,10.666666666666666,17.333333333333332,12.333333333333334,21.666666666666668,13.666666666666666,15.0,7.333333333333333,4.333333333333333,19.0
3108,54.666666666666664,17.0,52.666666666666664,4.0,15.0,16.666666666666668,25.333333333333332,8.0,25.0,8.666666666666666,12.0,7.333333333333333,3.3333333333333335,19.333333333333332
3111,70.75,25.0,63.25,5.0,21.75,15.75,24.75,11.5,17.5,11.0,16.25,12.25,4.0,18.25
3112,66.0,25.714285714285715,60.57142857142857,3.0,14.0,11.571428571428571,15.571428571428571,9.714285714285714,21.714285714285715,15.0,14.571428571428571,11.714285714285714,5.428571428571429,18.142857142857142
3113,65.0,25.8,58.4,3.6,11.0,9.8,15.6,7.8,21.4,9.6,12.0,6.0,1.2,18.4
3114,55.5,20.5,54.5,3.5,13.0,11.0,16.0,8.5,21.5,10.5,11.5,7.0,3.5,14.5
3115,68.6,24.6,61.6,7.2,21.2,12.2,18.8,8.6,22.8,13.6,12.6,5.8,2.2,22.0
3116,61.0,21.666666666666668,62.0,7.833333333333333,26.833333333333332,9.833333333333334,16.0,8.166666666666666,24.166666666666668,8.833333333333334,11.166666666666666,5.833333333333333,5.166666666666667,14.333333333333334
3117,41.0,15.0,50.0,5.0,25.0,6.0,10.0,8.0,23.0,5.0,16.0,8.0,4.0,20.0
3120,57.5,24.5,64.5,4.5,13.5,4.0,6.5,8.5,23.5,15.5,15.5,7.5,5.5,18.0
3122,69.0,21.5,48.5,5.0,12.0,21.0,31.0,9.0,27.5,13.0,18.0,6.0,0.0,17.5
3123,63.0,21.75,56.75,8.5,29.25,11.0,14.75,8.25,22.5,13.5,13.75,8.75,5.0,16.25
3124,70.0,25.333333333333332,60.833333333333336,8.166666666666666,21.833333333333332,11.166666666666666,15.166666666666666,9.666666666666666,22.5,15.166666666666666,12.833333333333334,9.833333333333334,2.5,15.833333333333334
3125,65.8,24.2,58.0,8.2,24.4,9.2,15.2,6.2,22.8,14.8,11.4,6.8,3.4,15.2
3126,57.333333333333336,22.333333333333332,64.0,3.3333333333333335,15.666666666666666,9.333333333333334,15.666666666666666,12.0,21.666666666666668,11.333333333333334,13.333333333333334,11.0,1.6666666666666667,16.666666666666668
3127,64.5,24.5,57.0,6.5,21.5,9.0,10.0,5.5,18.5,14.5,13.0,6.5,1.5,19.5
3129,68.5,25.75,60.5,6.25,17.75,10.75,16.5,11.25,31.0,18.75,16.75,4.75,7.5,17.25
3130,69.25,25.75,62.5,4.25,16.5,13.5,19.75,10.75,18.5,12.75,14.25,9.75,2.0,19.0
3132,69.33333333333333,26.333333333333332,60.666666666666664,6.333333333333333,24.0,10.333333333333334,14.0,10.0,22.666666666666668,14.0,16.666666666666668,8.333333333333334,1.0,17.666666666666668
3133,57.333333333333336,20.0,56.333333333333336,6.0,20.666666666666668,11.333333333333334,15.0,6.333333333333333,24.0,10.666666666666666,14.666666666666666,5.0,2.0,11.0
3136,43.0,17.0,58.0,5.0,25.0,4.0,12.0,13.0,22.0,13.0,25.0,8.0,5.0,10.0
3138,69.0,23.333333333333332,53.666666666666664,9.333333333333334,20.333333333333332,13.0,16.0,5.333333333333333,20.333333333333332,10.333333333333334,13.666666666666666,6.333333333333333,1.0,17.666666666666668
3139,68.0,26.0,57.0,13.0,33.0,3.0,3.0,7.5,17.0,16.0,15.0,8.5,3.5,8.0
3140,67.2,24.6,53.0,7.4,17.6,10.6,16.4,8.2,29.8,13.2,18.6,5.2,3.2,18.4
3142,48.0,17.0,62.0,5.0,21.0,9.0,11.0,9.0,27.0,13.0,17.0,12.0,4.0,22.0
3143,61.0,25.5,72.0,8.0,31.5,2.0,3.5,14.0,26.0,13.0,8.0,6.5,1.5,14.5
3144,62.25,21.0,51.0,4.75,18.75,15.5,21.75,10.5,23.25,11.0,15.0,6.75,4.25,13.5
3145,61.0,21.0,56.5,6.5,22.5,12.5,17.5,11.0,18.5,13.5,12.5,4.5,1.0,19.0
3146,65.0,26.0,65.0,9.0,21.0,4.0,7.0,10.0,19.0,10.0,17.0,7.0,9.0,13.0
3149,51.0,21.0,56.0,5.0,20.0,4.0,6.0,7.0,25.0,14.0,19.0,11.0,4.0,10.0
3150,52.5,16.25,47.75,3.25,12.25,16.75,20.75,6.0,21.75,8.0,19.0,8.0,3.0,16.25
3151,62.142857142857146,21.857142857142858,53.857142857142854,6.857142857142857,20.142857142857142,11.571428571428571,17.428571428571427,7.857142857142857,26.142857142857142,9.857142857142858,9.857142857142858,6.0,1.5714285714285714,17.428571428571427
3152,53.5,21.75,55.5,1.25,5.5,8.75,13.0,8.25,21.75,10.75,21.75,5.75,4.25,22.5
3153,58.4,19.8,56.2,5.8,17.2,13.0,16.8,11.2,20.0,8.8,14.4,7.4,3.6,18.0
3155,76.5,27.5,55.75,8.25,20.5,13.25,17.0,7.5,24.25,16.5,16.0,5.5,2.75,16.75
3156,67.4,24.4,59.0,6.2,16.2,12.4,16.6,7.6,24.8,12.4,14.4,8.6,2.8,15.6
3157,62.75,21.75,55.0,3.75,14.75,15.5,28.25,10.5,24.25,9.25,17.0,5.75,3.5,17.5
3158,60.0,23.0,78.0,5.0,21.0,9.0,11.0,13.0,24.0,9.0,8.0,12.0,4.0,19.0
3159,51.0,19.0,45.0,6.0,19.0,7.0,8.0,9.0,18.0,12.0,21.0,2.0,0.0,12.0
3160,79.55555555555556,30.555555555555557,65.44444444444444,7.777777777777778,21.11111111111111,10.666666666666666,14.666666666666666,9.444444444444445,24.444444444444443,19.555555555555557,13.88888888888889,8.0,3.5555555555555554,20.11111111111111
3161,67.0,23.0,50.5,11.0,26.5,10.0,14.0,2.0,25.5,14.5,12.5,7.0,3.5,11.5
3162,66.66666666666667,23.0,59.0,9.333333333333334,26.666666666666668,11.333333333333334,16.333333333333332,9.666666666666666,18.666666666666668,14.666666666666666,16.666666666666668,6.666666666666667,0.6666666666666666,18.333333333333332
3163,70.0,26.1,59.4,6.9,19.4,10.9,15.9,8.1,23.3,15.0,13.4,7.3,4.0,15.3
3164,52.5,16.0,49.5,5.0,20.0,15.5,24.0,8.0,23.5,10.5,14.0,6.5,2.0,12.5
3166,67.66666666666667,23.77777777777778,58.44444444444444,7.444444444444445,23.22222222222222,12.666666666666666,15.0,6.666666666666667,23.11111111111111,14.666666666666666,12.0,5.777777777777778,2.3333333333333335,15.666666666666666
3167,59.0,22.0,62.0,10.0,30.0,5.0,9.0,8.0,22.0,18.0,13.0,9.0,6.0,16.0
3168,52.666666666666664,19.0,58.666666666666664,5.666666666666667,17.333333333333332,9.0,12.333333333333334,8.666666666666666,23.666666666666668,10.0,15.333333333333334,7.333333333333333,3.0,11.666666666666666
3170,68.0,25.0,56.5,8.0,18.5,10.0,17.5,7.0,21.0,13.5,9.0,6.5,1.0,15.5
3173,72.0,27.6,62.8,6.8,16.6,10.0,14.0,12.6,27.0,15.4,14.4,4.4,6.8,18.4
3174,65.0,24.4,56.2,7.2,20.0,9.0,13.6,8.4,23.2,10.6,16.6,5.0,2.8,19.2
3175,56.0,20.0,57.0,3.0,15.0,13.0,20.0,10.0,25.0,11.0,18.0,14.0,2.0,15.0
3176,60.0,19.0,52.0,8.0,19.0,14.0,18.0,7.0,20.0,9.0,12.0,8.0,3.0,14.0
3177,69.2,25.4,69.4,7.0,26.2,11.4,16.8,10.4,23.4,16.0,12.2,8.4,5.8,18.4
3178,71.0,26.0,58.0,5.0,20.0,14.0,22.0,6.0,32.0,10.0,18.0,6.0,2.0,18.0
3179,82.0,29.25,61.25,9.0,26.75,14.5,19.25,11.5,25.5,20.25,17.75,7.75,4.25,14.25
3180,62.2,22.6,54.2,8.0,20.0,9.0,11.8,7.4,20.2,16.6,13.2,7.2,2.0,15.0
3181,60.5,25.0,62.0,3.0,15.5,7.5,10.0,11.5,31.0,14.0,15.0,7.0,3.0,17.5
3182,66.8,26.2,58.6,7.6,23.6,6.8,9.0,6.8,25.2,12.0,15.2,6.0,4.2,15.2
3183,57.25,22.75,58.0,5.25,20.75,6.5,10.25,11.5,21.75,13.0,19.25,8.25,2.5,12.75
3184,70.0,27.0,65.0,5.5,16.5,10.5,14.5,8.0,20.5,18.0,16.0,6.5,1.5,12.5
3186,70.8,27.2,60.0,7.0,18.8,9.4,14.0,8.0,25.2,13.8,11.2,9.8,4.4,12.6
3187,58.0,20.833333333333332,54.666666666666664,2.5,10.666666666666666,13.833333333333334,19.166666666666668,8.666666666666666,22.833333333333332,10.833333333333334,14.5,7.5,6.666666666666667,18.0
3189,55.5,23.0,60.5,2.5,10.0,7.0,12.0,7.0,21.0,11.5,8.0,6.5,2.5,20.0
3190,53.5,19.0,46.5,5.5,19.5,10.0,12.0,7.5,24.0,11.0,17.0,3.5,2.5,8.5
3191,64.0,21.0,56.0,5.0,18.0,17.0,20.0,4.0,17.0,9.0,13.0,9.0,1.0,19.0
3193,68.0,23.333333333333332,59.0,7.333333333333333,28.0,14.0,21.333333333333332,15.666666666666666,24.0,13.666666666666666,19.333333333333332,8.333333333333334,3.0,19.0
3194,49.0,16.0,52.5,6.0,23.5,11.0,20.0,10.0,23.5,11.5,17.5,7.0,2.5,16.0
3195,73.6,26.2,56.8,10.2,29.0,11.0,15.2,4.4,17.0,13.6,10.0,9.4,0.8,17.4
3196,67.28571428571429,24.285714285714285,58.857142857142854,5.714285714285714,17.0,13.0,18.0,8.285714285714286,22.857142857142858,10.285714285714286,14.571428571428571,5.285714285714286,3.7142857142857144,17.857142857142858
3197,60.0,23.0,61.0,4.0,14.0,10.0,16.0,14.0,20.0,10.0,21.0,3.0,1.0,19.0
3198,58.0,14.0,47.0,3.0,16.0,27.0,34.0,7.0,21.0,6.0,15.0,7.0,4.0,24.0
3199,68.875,25.0,68.125,5.75,20.5,13.125,17.625,10.0,27.625,10.5,11.75,7.0,3.625,16.125
3200,52.0,23.0,62.0,3.0,15.0,3.0,15.0,14.0,20.0,9.0,16.0,12.0,9.0,16.0
3201,69.33333333333333,26.333333333333332,61.0,7.666666666666667,20.333333333333332,9.0,10.333333333333334,8.666666666666666,20.333333333333332,16.333333333333332,11.666666666666666,10.333333333333334,3.3333333333333335,11.666666666666666
3202,60.333333333333336,21.0,57.0,6.0,16.333333333333332,12.333333333333334,19.333333333333332,13.666666666666666,23.666666666666668,9.333333333333334,18.333333333333332,3.3333333333333335,1.3333333333333333,13.333333333333334
3203,53.0,20.5,55.0,4.75,19.75,7.25,11.5,10.75,17.25,9.25,17.0,5.0,2.75,18.75
3204,67.66666666666667,24.333333333333332,64.0,2.0,13.666666666666666,17.0,23.0,13.666666666666666,26.666666666666668,12.0,19.666666666666668,8.333333333333334,6.333333333333333,18.666666666666668
3205,74.0,29.0,65.0,8.0,28.0,8.0,17.0,11.0,20.0,11.0,13.0,9.0,4.0,19.0
3206,62.0,23.0,66.0,6.0,17.0,10.0,13.0,11.0,15.0,6.0,9.0,8.0,1.0,14.0
3207,53.0,21.0,52.5,3.75,15.75,7.25,10.75,9.75,21.0,10.0,12.0,4.75,4.5,15.0
3208,61.666666666666664,23.666666666666668,55.166666666666664,3.0,10.166666666666666,11.333333333333334,17.5,8.666666666666666,28.333333333333332,14.5,17.833333333333332,8.5,2.8333333333333335,16.333333333333332
3209,68.0,26.0,61.0,6.0,14.0,10.0,15.0,6.0,21.0,14.0,15.0,7.0,1.0,22.0
3210,60.2,22.6,58.2,4.4,19.2,10.6,15.6,8.6,24.6,11.0,13.4,5.2,3.0,15.0
3211,71.875,26.5,57.25,7.5,21.125,11.375,14.625,10.625,21.75,17.375,14.625,6.75,2.75,16.875
3212,62.5,23.5,61.0,3.5,13.5,12.0,16.0,11.5,23.0,15.0,12.5,9.5,1.5,21.0
3213,63.0,26.0,55.0,2.0,9.0,9.0,11.0,5.0,17.0,14.0,14.0,10.0,3.0,17.0
3214,50.0,17.333333333333332,58.333333333333336,3.0,14.0,12.333333333333334,19.0,9.0,21.0,7.0,21.333333333333332,7.666666666666667,2.6666666666666665,21.0
3217,70.0,24.333333333333332,56.0,5.666666666666667,18.666666666666668,15.666666666666666,20.666666666666668,5.666666666666667,22.666666666666668,13.333333333333334,11.666666666666666,6.666666666666667,5.333333333333333,21.666666666666668
3218,48.0,16.0,52.0,7.0,21.0,9.0,13.0,8.0,22.0,10.0,12.0,7.0,3.0,16.0
3219,46.666666666666664,16.0,52.333333333333336,2.6666666666666665,17.0,12.0,19.0,6.666666666666667,16.333333333333332,5.666666666666667,16.333333333333332,2.6666666666666665,1.3333333333333333,20.0
3220,56.0,20.333333333333332,54.666666666666664,4.333333333333333,16.666666666666668,11.0,16.333333333333332,10.666666666666666,26.0,11.0,16.666666666666668,9.333333333333334,3.0,18.333333333333332
3222,60.0,22.0,56.0,7.0,18.0,9.0,13.0,10.0,24.0,11.0,14.0,2.0,4.0,16.0
3224,54.0,18.0,57.57142857142857,3.2857142857142856,14.428571428571429,14.714285714285714,22.857142857142858,10.0,25.714285714285715,9.571428571428571,14.571428571428571,8.571428571428571,4.0,16.428571428571427
3225,58.5,21.0,54.0,7.5,21.0,9.0,10.0,4.5,21.0,11.0,10.5,7.5,4.0,9.0
3226,49.0,17.0,49.666666666666664,3.3333333333333335,12.666666666666666,11.666666666666666,17.666666666666668,9.333333333333334,22.0,7.666666666666667,16.0,4.666666666666667,1.3333333333333333,16.0
3227,70.75,25.75,57.5,3.25,14.5,16.0,22.5,9.5,26.5,12.25,15.0,6.0,1.0,18.5
3228,65.8,25.2,59.0,3.8,15.2,11.6,15.4,8.0,21.0,10.4,13.2,4.8,2.6,18.4
3229,82.33333333333333,29.333333333333332,60.0,7.333333333333333,19.333333333333332,16.333333333333332,20.666666666666668,7.0,25.333333333333332,15.333333333333334,15.0,4.666666666666667,2.3333333333333335,19.666666666666668
3230,54.0,19.5,60.5,3.0,19.0,12.0,16.5,10.0,27.0,8.0,12.0,5.0,2.0,17.0
3231,66.33333333333333,26.333333333333332,60.333333333333336,9.333333333333334,22.0,4.333333333333333,5.333333333333333,6.333333333333333,24.333333333333332,17.666666666666668,12.666666666666666,4.666666666666667,3.3333333333333335,16.0
3232,62.25,21.75,60.0,4.25,18.5,14.5,19.25,10.5,23.25,12.0,17.25,10.0,3.0,18.5
3233,56.0,19.0,52.0,4.0,16.0,14.0,19.0,8.0,20.0,9.0,15.0,3.0,2.0,13.0
3234,90.75,31.083333333333332,62.166666666666664,11.916666666666666,29.916666666666668,16.666666666666668,20.333333333333332,8.5,24.5,19.833333333333332,14.166666666666666,7.666666666666667,3.1666666666666665,15.5
3235,66.85714285714286,25.142857142857142,57.57142857142857,7.285714285714286,22.857142857142858,9.285714285714286,13.142857142857142,7.571428571428571,27.142857142857142,17.142857142857142,15.571428571428571,4.285714285714286,3.0,14.0
3236,73.0,25.0,60.5,12.25,28.75,10.75,14.25,9.25,21.0,15.25,13.75,5.0,1.5,17.25
3237,49.0,20.0,63.0,5.0,19.0,4.0,11.0,7.0,26.0,7.0,13.0,2.0,1.0,14.0
3238,63.8,20.6,57.2,4.4,17.2,18.2,27.2,15.6,26.2,10.0,14.2,7.2,6.4,19.0
3240,54.0,19.0,68.0,8.0,30.0,8.0,11.0,11.0,21.0,9.0,11.0,8.0,4.0,20.0
3241,73.4,25.0,60.4,6.0,20.4,17.4,25.0,12.4,32.8,11.4,21.2,5.2,2.4,21.2
3242,67.5,25.0,56.833333333333336,4.833333333333333,15.0,12.666666666666666,18.333333333333332,7.166666666666667,22.833333333333332,9.333333333333334,10.5,5.666666666666667,2.1666666666666665,17.166666666666668
3243,67.57142857142857,25.857142857142858,55.285714285714285,5.142857142857143,18.142857142857142,10.714285714285714,14.714285714285714,6.571428571428571,29.142857142857142,16.285714285714285,15.285714285714286,5.285714285714286,2.7142857142857144,16.714285714285715
3244,52.5,19.5,62.0,4.0,22.5,9.5,14.0,13.5,18.0,9.0,15.0,10.5,4.0,16.0
3245,65.4,26.0,61.4,5.2,18.0,8.2,11.4,10.8,25.6,12.0,10.8,5.4,5.2,11.8
3246,56.166666666666664,17.833333333333332,52.5,4.833333333333333,18.0,15.666666666666666,21.666666666666668,8.0,19.833333333333332,8.833333333333334,16.5,5.333333333333333,1.8333333333333333,17.5
3247,49.0,18.0,56.0,7.0,29.0,6.0,11.0,10.0,22.0,11.0,11.0,9.0,2.0,10.0
3249,65.25,24.75,58.25,4.75,19.25,11.0,18.25,12.5,20.0,11.5,13.25,7.25,1.5,18.25
3250,77.5,28.0,63.0,9.0,30.5,12.5,15.0,8.5,20.0,18.0,18.5,8.5,6.0,17.5
3251,60.666666666666664,22.166666666666668,54.833333333333336,6.333333333333333,18.0,10.0,12.833333333333334,8.5,22.666666666666668,13.5,15.166666666666666,3.3333333333333335,3.3333333333333335,16.5
3253,76.66666666666667,27.666666666666668,65.33333333333333,8.333333333333334,24.666666666666668,13.0,17.666666666666668,9.0,26.333333333333332,14.0,14.666666666666666,6.666666666666667,1.6666666666666667,14.333333333333334
3255,55.5,20.5,56.0,2.5,12.5,12.0,18.0,11.5,19.0,8.5,13.0,4.5,2.5,13.5
3256,56.5,20.0,55.25,5.75,20.0,10.75,13.25,6.5,24.25,12.0,13.25,4.75,3.0,17.75
3257,71.54545454545455,26.818181818181817,61.72727272727273,5.0,15.545454545454545,12.909090909090908,17.818181818181817,10.363636363636363,19.545454545454547,12.727272727272727,13.454545454545455,9.818181818181818,2.6363636363636362,19.818181818181817
3258,64.5,22.5,51.0,8.0,20.5,11.5,14.5,5.5,19.0,16.0,15.0,6.5,1.0,16.0
3260,53.5,18.5,55.0,5.0,22.0,11.5,13.5,9.5,21.0,11.0,16.0,7.0,1.0,14.0
3261,77.9,28.1,63.8,4.2,11.3,17.5,23.6,11.5,24.5,14.1,14.7,8.8,4.4,17.6
3263,61.0,22.0,61.0,9.333333333333334,32.0,7.666666666666667,9.666666666666666,7.666666666666667,24.0,15.333333333333334,10.0,4.0,1.6666666666666667,14.333333333333334
3264,55.0,19.0,51.0,9.0,23.0,8.0,10.0,4.0,19.0,17.0,12.0,6.0,2.0,16.0
3265,59.333333333333336,21.0,56.333333333333336,5.0,16.0,12.333333333333334,16.666666666666668,9.0,21.0,10.333333333333334,16.333333333333332,5.0,3.6666666666666665,13.0
3266,58.2,21.2,58.4,5.0,17.0,10.8,14.8,8.8,23.0,11.8,12.8,6.6,2.6,15.0
3267,95.66666666666667,33.333333333333336,78.66666666666667,10.0,32.0,19.0,26.333333333333332,15.333333333333334,19.333333333333332,18.666666666666668,16.666666666666668,14.666666666666666,4.0,25.666666666666668
3268,74.25,26.0,65.375,4.375,15.375,17.875,23.125,11.25,23.125,14.25,13.375,8.875,3.125,17.375
3269,58.666666666666664,22.166666666666668,57.0,5.5,17.333333333333332,8.833333333333334,12.833333333333334,7.0,17.666666666666668,11.833333333333334,16.166666666666668,6.333333333333333,0.6666666666666666,16.0
3271,55.0,21.0,58.0,3.0,19.0,10.0,12.0,11.0,22.0,6.0,17.0,6.0,2.0,20.0
3272,59.75,22.25,64.0,5.75,18.0,9.5,14.25,12.75,21.25,10.0,19.25,9.5,5.75,21.0
3273,58.25,23.0,67.0,5.0,18.25,7.25,8.75,12.75,22.75,14.5,11.0,7.75,4.0,14.0
3274,56.125,22.25,57.875,3.75,16.125,7.875,11.0,8.625,24.0,9.375,14.25,6.5,3.25,17.25
3276,63.3,22.8,58.8,6.1,18.7,11.6,14.8,10.5,21.0,12.5,13.0,6.4,2.9,14.1
3277,82.6,28.6,66.8,10.4,27.6,15.0,22.6,9.8,24.2,15.4,9.4,6.8,3.0,17.0
3278,67.0,22.5,56.5,4.5,17.5,17.5,24.0,9.0,23.5,10.0,10.5,4.0,3.5,17.5
3279,66.0,23.875,60.125,3.5,13.375,14.75,21.5,11.75,23.375,9.375,12.75,4.75,4.625,19.0
3280,77.83333333333333,27.666666666666668,61.5,8.0,19.5,14.5,18.166666666666668,9.833333333333334,23.666666666666668,18.0,10.0,6.333333333333333,2.5,14.0
3281,61.5,20.75,56.5,7.0,22.0,13.0,14.5,6.0,23.5,11.5,12.0,5.25,2.25,14.25
3282,64.0,24.5,62.5,3.0,13.0,12.0,18.0,8.75,23.0,10.0,14.75,8.0,3.5,24.75
3283,65.2,24.2,63.0,2.4,10.6,14.4,20.2,14.6,22.4,9.4,13.4,8.6,4.0,18.8
3284,62.5,22.5,57.5,6.5,18.0,11.0,13.0,10.5,16.5,12.0,10.5,6.0,4.0,14.0
3285,69.33333333333333,25.0,57.0,10.333333333333334,29.0,9.0,12.0,5.333333333333333,25.0,11.666666666666666,11.666666666666666,3.3333333333333335,2.6666666666666665,15.666666666666666
3286,55.75,19.25,56.5,4.0,19.75,13.25,18.25,7.25,22.25,11.75,14.5,10.25,5.0,15.0
3287,50.0,18.0,53.0,3.0,16.0,11.0,16.0,10.0,26.0,7.0,22.0,4.0,1.0,17.0
3288,47.666666666666664,18.333333333333332,56.666666666666664,3.0,15.0,8.0,12.0,12.666666666666666,21.666666666666668,7.666666666666667,15.333333333333334,11.0,2.0,17.666666666666668
3290,61.5,22.0,55.5,8.0,16.5,9.5,13.0,8.0,22.5,13.0,17.0,6.5,2.5,20.5
3291,62.333333333333336,21.666666666666668,58.666666666666664,6.666666666666667,26.0,12.333333333333334,15.666666666666666,13.333333333333334,18.666666666666668,12.333333333333334,15.666666666666666,8.0,2.6666666666666665,16.0
3292,65.5,22.75,58.125,7.125,23.5,12.875,16.75,7.875,24.0,12.125,11.375,5.375,5.5,14.125
3293,78.5,30.0,62.5,6.0,18.5,12.5,16.5,11.0,28.0,13.0,16.0,8.0,5.0,17.5
3294,44.0,15.0,59.0,3.0,18.0,11.0,13.0,13.0,28.0,9.0,22.0,6.0,3.0,19.0
3295,62.5,22.666666666666668,60.166666666666664,4.5,17.166666666666668,12.666666666666666,18.0,9.833333333333334,21.0,11.0,15.333333333333334,6.666666666666667,2.5,19.666666666666668
3296,66.33333333333333,24.333333333333332,61.666666666666664,10.666666666666666,27.666666666666668,7.0,9.0,6.333333333333333,27.333333333333332,17.333333333333332,14.333333333333334,5.333333333333333,2.0,16.666666666666668
3297,52.0,17.5,56.5,4.5,21.5,12.5,16.0,9.0,20.0,6.0,13.0,3.5,1.5,18.0
3299,62.0,20.25,57.5,5.0,18.5,16.5,19.5,11.25,23.75,10.25,16.5,9.0,4.25,16.0
3300,61.0,22.5,62.5,6.5,21.0,9.5,11.5,8.0,28.0,11.0,22.5,7.5,4.0,24.0
3301,70.11111111111111,27.11111111111111,60.888888888888886,4.666666666666667,16.666666666666668,11.222222222222221,16.0,7.555555555555555,31.444444444444443,13.222222222222221,14.333333333333334,5.777777777777778,3.7777777777777777,13.0
3303,57.0,17.5,52.0,4.0,14.5,18.0,24.5,7.0,19.5,9.0,14.5,9.0,2.0,17.5
3304,73.57142857142857,26.428571428571427,62.42857142857143,9.571428571428571,25.571428571428573,11.142857142857142,15.714285714285714,10.857142857142858,22.0,16.0,12.857142857142858,5.285714285714286,3.0,18.285714285714285
3305,62.6,23.4,63.0,6.0,19.0,9.8,14.0,9.2,21.6,10.0,15.6,10.0,3.4,17.4
3306,73.0,22.0,53.0,9.0,22.0,20.0,26.0,12.0,13.0,15.0,18.0,15.0,3.0,23.0
3307,56.0,20.5,61.0,5.5,23.5,9.5,15.0,6.5,20.5,8.0,15.0,8.5,1.5,14.5
3308,68.2,25.4,61.8,3.8,14.2,13.6,18.8,11.8,24.2,11.2,14.4,6.0,1.2,18.6
3309,66.0,20.0,60.0,5.0,22.0,21.0,24.0,14.0,28.0,11.0,20.0,4.0,2.0,18.0
3310,66.0,23.6,70.4,5.2,21.8,13.6,20.8,14.8,19.8,13.2,22.4,13.0,1.4,23.2
3311,64.33333333333333,23.333333333333332,58.0,5.666666666666667,18.666666666666668,12.0,19.333333333333332,7.666666666666667,22.0,12.666666666666666,15.0,12.333333333333334,1.0,16.333333333333332
3313,58.4,23.4,61.6,3.8,16.2,7.8,12.4,11.0,21.2,12.6,11.2,13.0,4.4,13.6
3314,62.111111111111114,23.22222222222222,56.55555555555556,3.888888888888889,15.333333333333334,11.777777777777779,18.22222222222222,8.11111111111111,22.666666666666668,9.0,14.11111111111111,6.444444444444445,3.3333333333333335,18.88888888888889
3315,59.0,21.0,57.0,5.0,19.5,12.0,15.5,6.5,23.5,9.5,19.5,6.5,2.5,21.5
3316,60.0,22.0,65.0,9.0,36.0,7.0,12.0,13.0,16.0,13.0,15.0,8.0,3.0,21.0
3317,67.0,27.0,60.333333333333336,5.0,15.0,8.0,14.666666666666666,12.0,29.0,14.333333333333334,17.333333333333332,7.333333333333333,3.0,13.0
3318,67.5,24.5,49.5,7.5,21.0,11.0,13.5,5.0,25.5,13.5,15.5,6.5,3.0,12.0
3319,71.8,27.8,62.2,5.2,18.0,11.0,13.8,8.4,29.2,13.0,13.6,6.0,3.8,19.2
3320,70.0,26.25,63.75,7.75,24.0,9.75,13.25,7.5,26.5,13.75,12.75,5.25,3.25,14.75
3321,61.666666666666664,23.333333333333332,64.66666666666667,4.333333333333333,18.333333333333332,10.666666666666666,14.333333333333334,8.0,23.0,14.333333333333334,13.666666666666666,5.0,3.3333333333333335,16.333333333333332
3322,57.0,17.0,59.0,2.0,16.0,21.0,29.0,5.0,38.0,7.0,16.0,3.0,4.0,19.0
3323,71.875,27.0,60.375,6.125,15.0,11.75,15.75,8.0,21.875,14.75,14.875,6.5,3.5,17.625
3325,53.0,19.0,58.0,6.0,19.0,9.0,10.0,4.0,17.0,6.0,17.0,11.0,2.0,16.0
3326,70.25,24.375,59.125,5.875,19.75,15.625,20.875,8.625,19.75,12.375,14.125,9.375,2.625,19.25
3328,68.33333333333333,25.0,69.83333333333333,7.5,26.5,10.833333333333334,15.5,13.333333333333334,22.5,15.333333333333334,14.333333333333334,10.0,3.1666666666666665,19.166666666666668
3329,65.4,23.8,60.8,8.0,24.8,9.8,13.2,9.4,24.8,12.8,14.6,5.6,2.2,17.2
3330,68.5,26.0,58.5,6.0,18.5,10.5,20.5,11.0,22.5,12.5,20.0,9.5,3.0,20.5
3331,78.5,29.5,74.0,3.0,16.0,16.5,23.0,13.0,21.5,11.5,13.0,12.5,1.5,20.5
3332,56.666666666666664,21.666666666666668,60.666666666666664,4.0,16.333333333333332,9.333333333333334,13.666666666666666,8.0,25.666666666666668,14.0,15.333333333333334,6.0,10.0,15.333333333333334
3333,77.75,28.0,60.5,8.0,21.25,13.75,17.75,8.0,28.75,18.0,15.25,5.25,3.75,16.75
3334,72.0,27.75,63.25,5.5,15.25,11.0,16.0,8.0,22.5,15.75,17.0,8.25,3.75,16.75
3335,54.0,22.0,50.0,5.0,9.0,5.0,7.0,3.0,20.0,13.0,22.0,13.0,3.0,18.0
3336,75.25,27.75,64.5,7.0,23.25,12.75,15.5,9.5,22.0,13.75,13.5,7.5,2.5,22.0
3337,64.0,25.0,57.0,3.0,12.0,11.0,14.0,14.0,11.0,13.0,13.0,8.0,2.0,24.0
3338,68.2,26.0,60.0,6.2,16.2,10.0,15.0,9.6,21.6,15.6,13.4,5.4,4.6,18.4
3339,65.66666666666667,23.833333333333332,54.5,6.0,17.333333333333332,12.0,16.5,7.5,18.5,17.0,15.333333333333334,8.666666666666666,5.166666666666667,19.166666666666668
3340,53.0,15.0,47.0,5.0,25.0,18.0,20.0,4.0,16.0,6.0,12.0,5.0,4.0,16.0
3341,58.0,18.0,61.0,3.0,7.0,19.0,20.0,10.0,17.0,9.0,11.0,7.0,2.0,23.0
3342,56.5,20.5,52.5,5.25,19.0,10.25,16.0,4.0,24.5,13.5,14.75,5.75,1.25,11.25
3343,66.4,26.2,62.6,5.0,16.4,9.0,13.2,11.6,22.8,10.4,16.0,10.4,3.8,15.4
3344,53.75,20.25,50.5,5.5,15.25,7.75,12.75,6.5,22.25,11.25,20.5,7.25,3.0,16.0
3345,60.8,21.6,57.6,5.4,18.4,12.2,14.2,8.4,21.2,9.4,14.2,7.0,2.2,16.6
3346,63.0,20.666666666666668,55.666666666666664,6.0,18.666666666666668,15.666666666666666,20.666666666666668,9.0,23.666666666666668,12.333333333333334,19.0,7.333333333333333,3.3333333333333335,18.666666666666668
3347,53.8,19.4,53.2,4.6,18.2,10.4,16.0,7.4,24.0,9.6,16.6,6.0,2.6,14.6
3348,62.166666666666664,22.166666666666668,57.333333333333336,5.333333333333333,16.333333333333332,12.5,19.833333333333332,12.333333333333334,24.166666666666668,11.5,13.333333333333334,5.666666666666667,2.5,15.666666666666666
3349,63.25,25.5,61.5,6.0,16.25,6.25,9.75,9.5,25.5,16.5,13.0,8.75,3.25,13.75
3350,73.57142857142857,25.857142857142858,53.857142857142854,8.857142857142858,23.571428571428573,13.0,15.714285714285714,5.285714285714286,26.857142857142858,17.142857142857142,11.285714285714286,6.0,5.428571428571429,11.428571428571429
3351,58.5,22.5,48.0,5.5,14.5,8.0,12.0,5.5,18.0,15.5,16.0,7.5,4.0,17.0
3353,68.66666666666667,26.0,58.666666666666664,6.0,16.666666666666668,10.666666666666666,15.666666666666666,9.0,20.333333333333332,13.666666666666666,16.333333333333332,6.666666666666667,4.666666666666667,24.333333333333332
3354,47.5,16.5,44.0,4.5,14.5,10.0,16.5,3.5,19.5,7.5,22.0,5.5,2.0,11.5
3355,67.75,21.5,50.25,6.5,18.0,18.25,22.5,7.5,27.0,12.25,15.5,5.75,5.5,13.5
3356,57.5,21.25,52.5,3.75,15.0,11.25,16.75,6.25,18.25,9.5,16.75,9.5,2.75,18.5
3357,59.0,20.666666666666668,59.0,4.333333333333333,18.666666666666668,13.333333333333334,18.333333333333332,6.666666666666667,16.666666666666668,9.333333333333334,10.0,9.666666666666666,3.3333333333333335,16.333333333333332
3358,64.0,22.0,56.0,11.0,27.0,9.0,12.0,8.0,23.0,15.0,17.0,5.0,1.0,15.0
3359,52.0,17.0,57.0,5.0,21.5,13.0,20.0,8.5,25.5,8.5,16.0,5.5,2.5,20.0
3360,72.5,25.5,54.5,2.5,8.5,19.0,25.5,10.0,23.0,19.5,16.5,6.5,1.0,16.5
3361,73.5,27.25,57.25,5.75,19.0,13.25,17.75,6.25,24.0,17.5,10.25,7.5,4.25,16.25
3362,59.5,23.0,64.0,5.5,19.0,8.0,14.0,12.0,22.5,15.5,15.5,7.5,3.5,17.0
3363,50.0,17.5,54.5,8.0,22.5,7.0,9.5,11.0,19.5,13.5,22.0,7.5,2.0,23.0
3364,61.666666666666664,22.666666666666668,59.333333333333336,7.0,25.0,9.333333333333334,13.666666666666666,8.333333333333334,26.666666666666668,12.666666666666666,17.0,5.0,3.0,18.666666666666668
3365,59.666666666666664,20.666666666666668,52.333333333333336,6.333333333333333,18.0,12.0,16.0,8.0,22.0,13.666666666666666,13.0,4.333333333333333,2.6666666666666665,18.0
3367,60.5,21.25,55.25,5.5,16.25,12.5,18.0,9.0,23.25,12.0,14.75,7.0,1.75,15.5
3368,62.5,23.25,61.0,3.75,14.75,12.25,16.75,10.5,23.75,11.25,13.0,6.5,2.5,18.5
3371,64.5,24.75,56.75,8.0,17.5,7.0,10.0,5.0,22.75,15.0,13.0,4.25,1.25,16.75
3372,70.8,26.0,63.8,7.4,25.6,11.4,16.0,10.0,23.2,15.6,15.4,9.6,3.2,16.4
3373,75.0,28.5,64.0,7.0,18.5,11.0,14.5,11.0,20.0,16.5,19.5,14.0,2.0,22.5
3374,67.33333333333333,26.0,55.333333333333336,4.0,12.666666666666666,11.333333333333334,15.666666666666666,7.333333333333333,24.0,13.333333333333334,15.0,6.666666666666667,2.3333333333333335,18.666666666666668
3375,61.0,20.0,56.5,5.5,17.5,15.5,23.0,7.5,17.5,8.0,14.5,8.5,3.0,25.5
3376,74.27272727272727,28.0,64.0,4.818181818181818,15.818181818181818,13.454545454545455,18.90909090909091,14.636363636363637,24.363636363636363,14.090909090909092,14.454545454545455,6.363636363636363,6.2727272727272725,15.090909090909092
3377,64.5,23.25,52.5,6.375,20.25,11.625,15.0,5.5,23.5,14.625,15.375,5.875,1.875,16.0
3378,60.77777777777778,22.0,57.888888888888886,4.888888888888889,18.77777777777778,11.88888888888889,15.333333333333334,8.88888888888889,25.0,11.666666666666666,12.666666666666666,4.444444444444445,3.6666666666666665,16.0
3379,60.666666666666664,23.666666666666668,62.666666666666664,5.0,14.666666666666666,8.333333333333334,14.0,9.666666666666666,25.0,15.0,16.333333333333332,8.0,3.6666666666666665,19.0
3380,49.5,19.0,55.0,1.5,10.5,10.0,16.5,9.0,23.5,7.0,13.5,7.0,1.5,23.0
3381,53.0,22.0,64.0,2.0,22.0,7.0,12.0,12.0,22.0,11.0,12.0,3.0,5.0,18.0
3382,52.0,18.0,55.0,1.0,10.0,15.0,22.0,5.0,16.0,6.0,12.0,2.0,1.0,16.0
3385,54.0,18.0,47.666666666666664,4.5,15.666666666666666,13.5,17.5,7.166666666666667,15.666666666666666,8.333333333333334,12.833333333333334,6.666666666666667,2.1666666666666665,15.833333333333334
3386,47.0,17.0,53.0,5.0,23.0,8.0,10.0,5.0,20.0,7.0,8.0,2.0,1.0,14.0
3387,66.8,21.4,54.0,4.6,16.8,19.4,23.6,7.2,20.2,10.0,14.4,9.0,1.6,17.8
3388,62.0,23.0,52.0,3.0,9.0,13.0,18.0,6.0,19.0,18.0,10.0,9.0,2.0,16.0
3389,63.0,22.0,50.0,4.0,11.0,15.0,25.0,10.0,31.0,18.0,18.0,6.0,4.0,19.0
3390,70.125,26.5,64.375,6.25,22.625,10.875,15.125,11.75,28.375,18.75,11.875,4.875,5.875,15.75
3391,56.5,22.0,51.0,1.5,9.0,11.0,16.5,7.0,12.0,5.0,15.5,9.0,1.5,19.0
3392,60.0,20.0,55.333333333333336,6.333333333333333,19.666666666666668,13.666666666666666,17.666666666666668,13.0,24.333333333333332,8.0,17.333333333333332,8.0,3.3333333333333335,15.0
3393,72.33333333333333,27.666666666666668,67.66666666666667,5.0,16.666666666666668,12.0,16.333333333333332,11.0,26.666666666666668,11.666666666666666,8.333333333333334,7.666666666666667,6.333333333333333,17.0
3394,64.0,21.0,52.5,4.0,17.5,18.0,25.0,7.0,25.0,14.0,14.0,9.0,1.0,17.5
3395,73.5,27.0,63.75,9.75,29.25,9.75,13.75,8.5,23.25,16.0,7.5,4.0,3.25,14.75
3396,71.0,29.0,65.33333333333333,4.0,16.0,9.0,13.0,12.0,20.666666666666668,13.333333333333334,14.666666666666666,9.0,6.0,19.333333333333332
3397,69.375,25.5,62.75,6.75,21.625,11.625,16.625,11.125,24.5,12.0,14.375,5.0,2.875,15.625
3398,53.0,20.5,57.0,0.75,8.25,11.25,15.5,9.75,24.0,8.0,18.25,13.5,3.25,14.0
3399,71.6,24.0,57.0,11.2,26.8,12.4,16.0,9.0,20.0,15.6,13.2,8.2,3.4,20.4
3400,74.25,28.375,59.875,4.25,9.25,13.25,19.375,10.5,21.5,13.125,10.875,7.75,4.0,16.75
3401,74.66666666666667,27.666666666666668,63.666666666666664,6.333333333333333,19.666666666666668,13.0,19.666666666666668,10.666666666666666,25.666666666666668,17.333333333333332,12.0,8.0,4.0,12.333333333333334
3402,72.33333333333333,23.333333333333332,59.666666666666664,5.666666666666667,14.333333333333334,20.0,24.666666666666668,11.0,17.666666666666668,13.333333333333334,15.333333333333334,11.333333333333334,2.3333333333333335,18.0
3403,66.16666666666667,22.666666666666668,59.0,5.666666666666667,19.333333333333332,15.166666666666666,20.166666666666668,10.333333333333334,18.333333333333332,11.333333333333334,13.333333333333334,8.333333333333334,2.1666666666666665,17.5
3404,62.0,20.666666666666668,45.0,8.666666666666666,16.0,12.0,15.333333333333334,3.6666666666666665,23.666666666666668,10.333333333333334,16.0,5.666666666666667,2.3333333333333335,9.666666666666666
3405,74.6,27.8,62.4,6.0,19.6,13.0,17.4,8.8,23.4,14.6,11.8,7.8,4.2,17.4
3406,70.6,26.0,61.4,6.6,20.8,12.0,16.4,11.0,25.4,13.2,14.4,7.8,1.8,15.4
3407,81.33333333333333,32.333333333333336,67.33333333333333,4.0,10.0,12.666666666666666,17.666666666666668,10.666666666666666,27.333333333333332,14.333333333333334,13.0,10.666666666666666,3.0,15.333333333333334
3408,65.5,24.0,58.25,7.75,24.75,9.75,13.25,8.25,23.25,14.0,14.25,7.5,2.75,12.25
3409,67.83333333333333,24.166666666666668,60.333333333333336,7.666666666666667,27.333333333333332,11.833333333333334,17.333333333333332,8.333333333333334,26.666666666666668,11.833333333333334,13.166666666666666,5.333333333333333,3.8333333333333335,17.833333333333332
3412,66.33333333333333,23.666666666666668,62.333333333333336,7.333333333333333,23.0,11.666666666666666,15.0,8.666666666666666,23.666666666666668,13.333333333333334,12.666666666666666,10.333333333333334,4.0,15.0
3413,56.75,19.25,52.75,9.75,25.25,8.5,11.5,7.25,23.75,13.5,14.5,8.5,4.75,13.75
3414,64.75,24.0,57.75,4.25,13.5,12.5,18.0,10.5,23.25,11.5,13.25,9.0,1.75,15.25
3415,75.0,30.0,73.0,6.0,22.0,9.0,10.0,9.0,28.0,15.0,16.0,10.0,4.0,19.0
3416,64.8,24.0,51.4,2.8,10.4,14.0,19.2,7.8,23.2,12.6,14.0,5.6,3.6,19.4
3417,81.4,31.0,66.2,7.8,22.8,11.6,14.0,13.0,30.2,18.0,16.4,6.6,5.2,20.0
3418,58.333333333333336,20.666666666666668,55.666666666666664,4.333333333333333,16.333333333333332,12.666666666666666,16.666666666666668,5.0,20.333333333333332,10.0,9.333333333333334,8.333333333333334,3.0,15.333333333333334
3419,72.0,24.25,62.0,7.5,19.75,16.0,22.25,12.25,24.75,13.75,15.0,6.25,2.5,18.25
3421,60.0,21.666666666666668,58.333333333333336,3.6666666666666665,14.0,13.0,17.333333333333332,14.0,26.666666666666668,9.0,18.666666666666668,6.0,2.6666666666666665,16.333333333333332
3422,65.33333333333333,23.666666666666668,58.0,3.3333333333333335,12.666666666666666,14.666666666666666,21.666666666666668,10.666666666666666,27.333333333333332,10.333333333333334,8.333333333333334,3.6666666666666665,4.333333333333333,15.0
3423,60.0,22.0,64.0,6.0,28.0,10.0,10.0,11.0,14.0,12.0,6.0,10.0,3.0,12.0
3424,63.5,24.5,63.5,6.0,21.5,8.5,11.5,9.5,26.5,13.0,11.0,6.0,2.5,17.5
3425,70.57142857142857,24.142857142857142,60.57142857142857,6.285714285714286,19.0,16.0,22.0,10.857142857142858,27.714285714285715,10.142857142857142,16.428571428571427,6.142857142857143,5.142857142857143,17.0
3426,71.2,26.4,65.0,4.6,19.4,13.8,19.4,10.0,25.4,16.8,12.2,7.8,3.2,18.6
3427,56.0,23.0,58.0,5.0,18.5,5.0,9.5,10.0,21.0,16.0,14.5,6.0,3.5,15.5
3428,78.16666666666667,28.333333333333332,59.5,10.166666666666666,25.5,11.333333333333334,15.5,7.333333333333333,24.5,17.166666666666668,13.833333333333334,7.5,1.8333333333333333,17.333333333333332
3429,49.0,15.0,67.0,7.0,27.0,12.0,16.0,3.0,27.0,9.0,9.0,9.0,6.0,16.0
3431,60.666666666666664,22.333333333333332,57.833333333333336,4.666666666666667,15.166666666666666,11.333333333333334,15.833333333333334,7.5,21.166666666666668,11.0,14.0,5.333333333333333,2.3333333333333335,18.166666666666668
3433,64.75,22.0,55.75,6.0,15.5,14.75,19.25,13.25,23.0,10.0,16.0,5.75,3.0,17.5
3434,56.0,20.0,51.0,5.5,21.5,10.5,17.5,7.0,23.5,9.5,20.0,5.5,3.5,19.0
3435,65.0,25.0,62.666666666666664,5.666666666666667,19.333333333333332,9.333333333333334,14.666666666666666,12.0,23.666666666666668,13.666666666666666,13.0,10.333333333333334,3.6666666666666665,18.0
3436,55.666666666666664,20.666666666666668,53.666666666666664,4.0,20.333333333333332,10.333333333333334,14.333333333333334,6.0,24.0,11.666666666666666,15.0,3.3333333333333335,2.3333333333333335,18.666666666666668
3437,58.0,22.333333333333332,61.666666666666664,3.3333333333333335,19.0,10.0,14.666666666666666,9.333333333333334,19.666666666666668,12.0,9.333333333333334,9.333333333333334,4.333333333333333,15.333333333333334
3438,69.66666666666667,26.666666666666668,68.0,10.333333333333334,29.333333333333332,6.0,8.333333333333334,11.333333333333334,23.333333333333332,16.333333333333332,14.0,8.666666666666666,3.3333333333333335,19.666666666666668
3439,69.88888888888889,25.0,60.77777777777778,7.777777777777778,25.77777777777778,12.11111111111111,15.222222222222221,8.777777777777779,24.88888888888889,11.444444444444445,13.555555555555555,4.111111111111111,4.111111111111111,16.444444444444443
3441,43.0,16.0,50.0,2.0,7.0,9.0,14.0,7.0,26.0,5.0,12.0,4.0,3.0,10.0
3442,69.0,22.0,64.0,7.0,22.0,18.0,23.0,11.0,21.0,12.0,13.0,5.0,4.0,18.0
3443,65.0,23.0,57.4,7.2,22.4,11.8,16.2,7.4,20.2,9.8,12.2,5.8,3.0,15.2
3444,60.0,22.666666666666668,55.0,8.333333333333334,24.0,6.333333333333333,11.0,6.333333333333333,17.333333333333332,13.333333333333334,13.666666666666666,7.0,3.0,19.0
3447,45.5,16.0,46.0,2.0,11.5,11.5,19.5,8.5,15.5,5.0,27.0,5.5,2.5,22.5
3448,62.25,22.25,59.5,6.5,22.0,11.25,16.0,7.5,18.75,12.75,12.25,10.0,2.75,16.25
3449,60.0,22.333333333333332,55.333333333333336,5.333333333333333,20.0,10.0,13.333333333333334,6.666666666666667,24.333333333333332,11.0,13.333333333333334,8.666666666666666,5.0,11.333333333333334
3450,62.0,23.666666666666668,57.5,6.0,21.0,8.666666666666666,11.666666666666666,7.333333333333333,24.833333333333332,15.666666666666666,14.0,3.6666666666666665,4.333333333333333,14.333333333333334
3451,57.0,22.333333333333332,56.666666666666664,3.0,13.333333333333334,9.333333333333334,14.0,11.0,22.666666666666668,8.666666666666666,16.0,5.666666666666667,3.0,15.333333333333334
3452,67.5,23.0,57.666666666666664,6.0,20.333333333333332,15.5,22.833333333333332,7.5,20.0,12.166666666666666,12.333333333333334,13.166666666666666,3.1666666666666665,19.5
3453,66.2,25.4,57.4,6.6,22.8,8.8,11.2,5.6,26.6,18.8,9.2,7.2,1.8,12.4
3454,67.0,21.5,61.0,5.0,23.0,19.0,23.5,15.5,20.0,15.5,13.5,5.5,0.0,19.0
3455,63.0,22.25,60.0,4.25,16.25,14.25,22.75,12.5,21.5,13.25,14.5,8.5,2.5,19.25
3456,58.0,19.5,57.0,4.5,18.0,14.5,20.0,10.0,20.0,15.5,16.5,12.0,4.5,19.5
3457,46.333333333333336,16.333333333333332,56.666666666666664,2.6666666666666665,20.333333333333332,11.0,16.0,12.0,20.333333333333332,8.333333333333334,18.666666666666668,9.0,4.0,16.333333333333332
3458,66.66666666666667,24.0,56.333333333333336,8.333333333333334,23.333333333333332,10.333333333333334,14.0,4.333333333333333,23.666666666666668,15.333333333333334,16.666666666666668,6.333333333333333,4.333333333333333,16.666666666666668
3459,64.0,21.5,57.0,6.5,19.0,14.5,17.5,3.5,28.5,7.0,9.0,6.5,3.0,20.5
3460,59.0,20.666666666666668,57.666666666666664,7.333333333333333,26.0,10.333333333333334,13.0,6.0,19.666666666666668,12.333333333333334,11.666666666666666,7.333333333333333,4.0,17.0
3461,57.0,23.0,50.0,4.0,16.5,7.0,11.5,8.5,26.0,15.5,19.0,5.0,3.0,10.5
3462,40.5,16.5,49.5,4.5,15.5,3.0,5.0,5.0,18.0,10.0,19.0,5.0,1.0,12.5
3464,60.0,20.5,52.5,6.5,21.0,12.5,19.0,4.5,21.5,15.5,16.5,3.0,1.5,15.0
3465,79.0,27.5,66.0,10.0,29.0,14.0,17.5,7.5,31.0,18.5,12.0,6.0,2.0,15.0
3469,57.0,20.0,56.0,5.0,22.0,12.0,14.0,8.0,24.0,10.0,9.0,3.0,7.0,5.0
3470,56.0,21.0,56.0,3.0,10.5,11.0,12.5,10.5,30.5,12.0,19.5,5.0,6.5,12.5
3471,67.0,23.0,57.0,8.0,20.0,13.0,16.0,11.0,17.0,11.0,14.0,5.0,2.0,15.0
3472,58.0,22.0,53.333333333333336,6.0,20.0,8.0,13.0,5.666666666666667,16.333333333333332,12.666666666666666,15.333333333333334,8.666666666666666,3.6666666666666665,17.666666666666668
3475,75.0,30.0,64.5,7.5,22.0,7.5,8.5,10.5,28.5,20.0,8.0,5.0,5.5,12.5
3477,63.0,22.0,59.0,5.333333333333333,20.333333333333332,13.666666666666666,20.0,4.333333333333333,26.0,7.666666666666667,12.0,5.333333333333333,1.6666666666666667,17.333333333333332
